Date,Lag_1,Lag_2,Lag_3,Rolling Volatility,MA_10,MA_50,ATR_14,Predicted_RF,Actual,Daily Return,Strategy Return,SPY Return,Strategy Cumulative,SPY Cumulative
895,-0.0016464363911111723,0.0032093630039637944,0.013790092185911762,0.004479239306371567,455.24891967773436,434.24767639160154,3.930564375100983,1,1,0.005624990215469694,0.005624990215469694,0.005624990215469694,1.0056249902154697,1.0056249902154697
896,0.005624990215469694,-0.0016464363911111723,0.0032093630039637944,0.0045380579407898495,457.2259094238281,435.1197448730469,3.8494709498672455,0,0,0.0060809198830675815,0.0,0.0060809198830675815,1.0056249902154697,1.0117401152133805
897,0.0060809198830675815,0.005624990215469694,-0.0016464363911111723,0.005648493508270977,458.73557739257814,435.8181518554687,4.178095942228326,1,1,-0.013857347763247319,-0.013857347763247319,-0.013857347763247319,0.9916896950066417,0.9977200805908407
898,-0.013857347763247319,0.0060809198830675815,0.005624990215469694,0.005823236178943062,460.3421142578125,436.5690692138672,4.1955465131296625,0,1,0.009482012195566103,0.0,0.009482012195566103,0.9916896950066417,1.0071804745627642
899,0.009482012195566103,-0.013857347763247319,0.0060809198830675815,0.0058109944169699055,461.84902038574216,437.39084777832034,4.119559570141218,0,1,0.0020096546321743958,0.0,0.0020096546321743958,0.9916896950066417,1.0092045594689047
900,0.0020096546321743958,0.009482012195566103,-0.013857347763247319,0.00581754732806698,463.3773132324219,438.29435363769534,4.135094800824037,1,1,0.004222466261702085,0.004222466261702085,0.004222466261702085,0.9958770712858849,1.0134658916724182
901,0.004222466261702085,0.0020096546321743958,0.009482012195566103,0.005743377088766888,464.7833953857422,439.1257702636719,3.9423180017304804,1,1,0.0018081089393946481,0.0018081089393946481,0.0018081089393946481,0.9976777255210151,1.0152983484109226
902,0.0018081089393946481,0.004222466261702085,0.0020096546321743958,0.005752789190577081,465.5797393798828,439.96112243652345,3.7431031849070644,0,0,0.00037767667363475255,0.0,0.00037767667363475255,0.9976777255210151,1.0156818029138972
903,0.00037767667363475255,0.0018081089393946481,0.004222466261702085,0.00583192551486906,466.0922027587891,440.88322875976564,3.7574678016295757,0,0,-0.0028948832587207818,-0.0,-0.0028948832587207818,0.9976777255210151,1.0127415226664545
904,-0.0028948832587207818,0.00037767667363475255,0.0018081089393946481,0.00606703575954404,466.41901245117185,441.8270849609375,3.9072964363906033,0,0,-0.00559635622753385,-0.0,-0.00559635622753385,0.9976777255210151,1.007073860339198
905,-0.00559635622753385,-0.0028948832587207818,0.00037767667363475255,0.006369162467286109,466.1059814453125,442.79769226074217,3.9701926568169363,0,0,-0.00816671785022216,-0.0,-0.00816671785022216,0.9976777255210151,0.9988493722674737
906,-0.00816671785022216,-0.00559635622753385,-0.0028948832587207818,0.0062811211951012405,465.36179504394534,443.75288635253906,3.778725257376684,0,1,-0.003221024895124658,-0.0,-0.003221024895124658,0.9976777255210151,0.9956320535729205
907,-0.003221024895124658,-0.00816671785022216,-0.00559635622753385,0.006271700149001792,465.3283264160156,444.6585223388672,3.7469502984736494,1,1,0.0013695741827139951,0.0013695741827139951,0.0013695741827139951,0.9990441191765574,0.9969956455289765
908,0.0013695741827139951,-0.003221024895124658,-0.00816671785022216,0.006737286073126472,465.5153533935547,445.8148876953125,3.9972610385998615,0,0,0.014275954930995205,0.0,0.014275954930995205,0.9990441191765574,1.0112287104309465
909,0.014275954930995205,0.0013695741827139951,-0.003221024895124658,0.006667392219211897,465.5379913330078,447.05511779785155,3.99233915302781,0,1,-0.0015171130680690093,-0.0,-0.0015171130680690093,0.9990441191765574,1.0096945621395452
910,-0.0015171130680690093,0.014275954930995205,0.0013695741827139951,0.00669915612971034,465.62757263183596,448.3847766113281,4.036635156914323,0,0,0.005655506777161312,0.0,0.005655506777161312,0.9990441191765574,1.0154048965785885
911,0.005655506777161312,-0.0015171130680690093,0.014275954930995205,0.0067008268575073,465.6118225097656,449.61402709960936,3.8805415053908234,0,1,-0.0004406741312380502,-0.0,-0.0004406741312380502,0.9990441191765574,1.014957433907934
912,-0.0004406741312380502,0.005655506777161312,-0.0015171130680690093,0.006670422088337787,465.61083984375,450.79859619140626,3.785616168893447,0,0,0.0006927374316219037,0.0,0.0006927374316219037,0.9990441191765574,1.0156605329139048
913,0.0006927374316219037,-0.0004406741312380502,0.005655506777161312,0.006126439933802644,465.57343139648435,451.86126098632815,3.781397720403492,0,0,-0.0036712300578318757,-0.0,-0.0036712300578318757,0.9990441191765574,1.0119318094369176
914,-0.0036712300578318757,0.0006927374316219037,-0.0004406741312380502,0.006241492379207754,465.5379943847656,452.7131268310547,3.9311650421471995,0,1,-0.005558665280617658,-0.0,-0.005558665280617658,0.9990441191765574,1.006306819221448
915,-0.005558665280617658,-0.0036712300578318757,0.0006927374316219037,0.006500607543451692,466.29595947265625,453.5706201171875,4.142101305794922,0,1,0.008892771972480062,0.0,0.008892771972480062,0.9990441191765574,1.015255676299136
916,0.008892771972480062,-0.005558665280617658,-0.0036712300578318757,0.00691574786240423,467.7872833251953,454.52544921875,4.4894480687485565,0,1,0.012466196354320225,0.0,0.012466196354320225,0.9990441191765574,1.0279120529097192
917,0.012466196354320225,0.008892771972480062,-0.005558665280617658,0.006825543924784665,469.31602478027344,455.4760473632812,4.423359213740972,0,1,0.0021144837704181185,0.0,0.0021144837704181185,0.9990441191765574,1.030085556263014
918,0.0021144837704181185,0.012466196354320225,0.008892771972480062,0.005938768419760239,470.32599487304685,456.4481298828125,4.240544313961919,1,1,0.0029164143551534405,0.0029164143551534405,0.0029164143551534405,1.0019577457871556,1.0330897125663356
919,0.0029164143551534405,0.0021144837704181185,0.012466196354320225,0.005663262867608445,471.4590118408203,457.49750915527346,4.200463381156022,1,1,0.0010930566890721138,0.0010930566890721138,0.0010930566890721138,1.0030529424033559,1.034218938187068
920,0.0010930566890721138,0.0029164143551534405,0.0021144837704181185,0.005734423804287479,472.5880889892578,458.46611755371094,4.130854276077331,0,0,0.005438941469424918,0.0,0.005438941469424918,1.0030529424033559,1.0398439944584381
921,0.005438941469424918,0.0010930566890721138,0.0029164143551534405,0.005726467478740122,473.6768096923828,459.4307556152344,4.030305901476851,0,1,-0.001270369312329267,-0.0,-0.001270369312329267,1.0030529424033559,1.0385230085582682
922,-0.001270369312329267,0.005438941469424918,0.0010930566890721138,0.00591229360670707,475.11301574707034,460.30393371582034,3.8488999692833334,0,0,0.007919408625469249,0.0,0.007919408625469249,1.0030529424033559,1.0467474966299928
923,0.007919408625469249,-0.001270369312329267,0.005438941469424918,0.005928245542284742,476.68408203125,461.15100463867185,3.703354902843269,0,0,-0.0007734885215805454,-0.0,-0.0007734885215805454,1.0030529424033559,1.0459378494563563
924,-0.0007734885215805454,0.007919408625469249,-0.001270369312329267,0.0070362486112403476,477.7265350341797,461.82959411621096,4.016246923753552,1,1,-0.016317345339801337,-0.016317345339801337,-0.016317345339801337,0.9866857811480564,1.0288709203628077
925,-0.016317345339801337,-0.0007734885215805454,0.007919408625469249,0.007363845847556881,478.97768249511716,462.6216278076172,4.050703795443179,0,1,0.013088220858036959,0.0,0.013088220858036959,0.9866857811480564,1.042337010202928
926,0.013088220858036959,-0.016317345339801337,-0.0007734885215805454,0.0072447278029121554,480.15105590820315,463.44701171875,4.29538524588993,0,0,0.010527249705633013,0.0,0.010527249705633013,0.9866857811480564,1.053309952186757
927,0.010527249705633013,0.013088220858036959,-0.016317345339801337,0.007262033606524392,481.0468322753906,464.2563714599609,4.3326506466728985,1,1,-0.0036410360738444725,-0.0036410360738444725,-0.0036410360738444725,0.9830932226253469,1.0494748126539057
928,-0.0036410360738444725,0.010527249705633013,0.013088220858036959,0.007257424785282839,481.9445831298828,465.0595703125,4.136481053729718,0,1,0.002903256404318988,0.0,0.002903256404318988,0.9830932226253469,1.0525217071249147
929,0.002903256404318988,-0.0036410360738444725,0.010527249705633013,0.006886437777221012,483.1957244873047,465.9383905029297,4.121012333126511,0,1,0.00834038176573415,0.0,0.00834038176573415,0.9830932226253469,1.0613001399790587
930,0.00834038176573415,0.002903256404318988,-0.0036410360738444725,0.006844912907687011,484.2086456298828,466.8376196289062,3.784915823367957,1,1,0.00044165891720004957,0.00044165891720004957,0.00044165891720004957,0.9835274145135583,1.061768872649706
931,0.00044165891720004957,0.00834038176573415,0.002903256404318988,0.006847894084165111,485.56609497070315,467.78472595214845,3.822877252166677,0,0,0.0057794075113446475,0.0,0.0057794075113446475,0.9835274145135583,1.0679052676476097
932,0.0057794075113446475,0.00044165891720004957,0.00834038176573415,0.006847857532389746,486.5219207763672,468.73377502441406,3.896004910853374,0,0,-0.00043892720154825593,-0.0,-0.00043892720154825593,0.9835274145135583,1.0674365349769626
933,-0.00043892720154825593,0.0057794075113446475,0.00044165891720004957,0.007704861064444294,486.8359344482422,469.51188232421873,4.342490693591352,0,1,-0.013772994544293704,-0.0,-0.013772994544293704,0.9835274145135583,1.052734737404345
934,-0.013772994544293704,-0.00043892720154825593,0.0057794075113446475,0.007759921039071567,488.3804168701172,470.32544494628905,4.488036329832312,0,1,0.009087578938808516,0.0,0.009087578938808516,0.9835274145135583,1.062301547432133
935,0.009087578938808516,-0.013772994544293704,-0.00043892720154825593,0.007600081586990478,489.6413970947266,471.25398803710937,4.561866526962242,0,0,0.006899762881861227,0.0,0.006899762881861227,0.9835274145135583,1.069631176218449
936,0.006899762881861227,0.009087578938808516,-0.013772994544293704,0.007659278972648543,490.1493377685547,472.1350762939453,4.552725552542378,1,0,-0.004979985571381129,-0.004979985571381129,-0.004979985571381129,0.978629462180223,1.0643044283941816
937,-0.004979985571381129,0.006899762881861227,0.009087578938808516,0.007465472351189123,490.5637573242187,472.9981036376953,4.802334007562536,0,1,-0.005505400945793881,-0.0,-0.005505400945793881,0.978629462180223,1.0584450057874877
938,-0.005505400945793881,-0.004979985571381129,0.006899762881861227,0.0074645212959859285,490.88170471191404,473.8019500732422,4.505612462921911,0,1,0.0009057960839202739,0.0,0.0009057960839202739,0.978629462180223,1.059403741128775
939,0.0009057960839202739,-0.005505400945793881,-0.004979985571381129,0.008575057595891264,491.80701599121096,474.7697528076172,4.852251719358959,0,1,0.020695551087829722,0.0,0.020695551087829722,0.978629462180223,1.0813286853759434
940,0.020695551087829722,0.0009057960839202739,-0.005505400945793881,0.008578137654019291,492.7451232910156,475.7093487548828,4.583664304521152,0,0,0.0006896192359844289,0.0,0.0006896192359844289,0.978629462180223,1.0820743904378005
941,0.0006896192359844289,0.020695551087829722,0.0009057960839202739,0.00863557768803334,493.2166381835938,476.5709521484375,4.495072083385488,0,1,-0.0036624929370219217,-0.0,-0.0036624929370219217,0.978629462180223,1.0781113006254899
942,-0.0036624929370219217,0.0006896192359844289,0.020695551087829722,0.008607664169676147,493.8023406982422,477.3255712890625,4.504914705653688,0,0,0.001857768266492199,0.0,0.001857768266492199,0.978629462180223,1.0801141815875386
943,0.001857768266492199,-0.0036624929370219217,0.0006896192359844289,0.008520692278387382,495.0013061523438,478.0373913574219,4.323512805442233,0,1,-0.001321712230125227,-0.0,-0.001321712230125227,0.978629462180223,1.0786865814638027
944,-0.001321712230125227,0.001857768266492199,-0.0036624929370219217,0.008516588234139,495.93744506835935,478.80028076171874,4.530231514852594,0,1,0.0035949994810136054,0.0,0.0035949994810136054,0.978629462180223,1.0825644591643413
945,0.0035949994810136054,-0.001321712230125227,0.001857768266492199,0.007599207359213903,497.00450439453124,479.60510498046875,4.662420825736133,0,0,0.009388288000734102,0.0,0.009388288000734102,0.978629462180223,1.092727886086335
946,0.009388288000734102,0.0035949994810136054,-0.001321712230125227,0.007271037586946394,498.2635162353516,480.34259765625,4.587889828922057,0,0,-0.0010724515658844247,-0.0,-0.0010724515658844247,0.978629462180223,1.0915559883538162
947,-0.0010724515658844247,0.009388288000734102,0.0035949994810136054,0.007475526205473077,499.2892303466797,481.1088342285156,4.3860947574851865,0,1,-0.00999417176594286,-0.0,-0.00999417176594286,0.978629462180223,1.0806467903140646
948,-0.00999417176594286,-0.0010724515658844247,0.009388288000734102,0.007432206716841383,500.5236389160156,481.8382550048828,4.379067204654798,0,1,0.005067306128885951,0.0,0.005067306128885951,0.978629462180223,1.086122758417784
949,0.005067306128885951,-0.00999417176594286,-0.0010724515658844247,0.007645793961916827,501.243212890625,482.6485913085937,4.555548790641934,0,0,0.009926362077153916,0.0,0.009926362077153916,0.978629462180223,1.096904006178076
950,0.009926362077153916,0.005067306128885951,-0.00999417176594286,0.007691235379833012,501.62416381835936,483.3587188720703,4.764374604619937,0,0,-0.006002218636705026,-0.0,-0.006002218636705026,0.978629462180223,1.0903201485095175
951,-0.006002218636705026,0.009926362077153916,0.005067306128885951,0.007703845026627966,502.1448974609375,484.0432525634766,4.646250036445967,0,1,-0.0008598074084719132,-0.0,-0.0008598074084719132,0.978629462180223,1.089382683168223
952,-0.0008598074084719132,-0.006002218636705026,0.009926362077153916,0.007923581898581136,503.1145050048828,484.8325244140625,4.836798236222372,0,0,0.010757326506518616,0.0,0.010757326506518616,0.978629462180223,1.1011015283816108
953,0.010757326506518616,-0.0008598074084719132,-0.006002218636705026,0.007941115545801123,504.07033081054686,485.6330169677734,4.240546274648827,0,0,-0.0015674381756383138,-0.0,-0.0015674381756383138,0.978629462180223,1.0993756198107718
954,-0.0015674381756383138,0.010757326506518616,-0.0008598074084719132,0.007193612026647681,504.74659729003906,486.4657977294922,4.40085852480995,1,0,-0.001976794000640436,-0.001976794000640436,-0.001976794000640436,0.9766949133305352,1.0972023806810796
955,-0.001976794000640436,-0.0015674381756383138,0.010757326506518616,0.007249527297159965,504.6052490234375,487.3049584960938,4.566881976843068,0,1,-0.006866559784614368,-0.0,-0.006866559784614368,0.9766949133305352,1.0896683749383118
956,-0.006866559784614368,-0.001976794000640436,-0.0015674381756383138,0.007215086155840362,504.8172302246094,488.23368469238284,4.795925230898661,0,1,0.005943081887870294,0.0,0.005943081887870294,0.9766949133305352,1.0961443633211927
957,0.005943081887870294,-0.006866559784614368,-0.001976794000640436,0.00713035254908821,505.81463623046875,489.20609619140623,5.001598463252764,0,1,0.0055571849742859225,0.0,0.0055571849742859225,0.9766949133305352,1.1022358403066894
958,0.0055571849742859225,0.005943081887870294,-0.006866559784614368,0.007112492884618932,507.0300567626953,490.1411956787109,5.083667617585133,1,1,0.009249323251675934,0.009249323251675934,0.009249323251675934,0.9857286803021968,1.1124307758932686
959,0.009249323251675934,0.0055571849742859225,0.005943081887870294,0.007106629119417159,507.91722412109374,491.12443786621094,4.973363443096807,0,0,0.0033046038097594987,0.0,0.0033046038097594987,0.9857286803021968,1.1161069188733792
960,0.0033046038097594987,0.009249323251675934,0.0055571849742859225,0.005807206605152643,509.01080322265625,492.03536499023437,4.934346920889952,1,0,-0.0018959068203877605,-0.0018959068203877605,-0.0018959068203877605,0.98385983057416,1.1139908841536053
961,-0.0018959068203877605,0.0033046038097594987,0.009249323251675934,0.00587777492390177,510.00550537109376,492.9219891357422,4.527587733971286,0,0,-0.0027627483891181637,-0.0,-0.0027627483891181637,0.98385983057416,1.1109132076329176
962,-0.0027627483891181637,-0.0018959068203877605,0.0033046038097594987,0.005814614753154647,510.3640075683594,493.78315795898436,4.408044605742617,0,1,-0.0018469745163658402,-0.0,-0.0018469745163658402,0.98385983057416,1.1088613792485253
963,-0.0018469745163658402,-0.0027627483891181637,-0.0018959068203877605,0.0060148708096831715,511.23276977539064,494.7648846435547,4.2866686084957655,0,0,0.008403908996592158,0.0,0.008403908996592158,0.98385983057416,1.1181801493695656
964,0.008403908996592158,-0.0018469745163658402,-0.0027627483891181637,0.005991788025801377,512.1920654296875,495.7966119384766,3.917224378888347,0,0,-0.00019104683861193017,-0.0,-0.00019104683861193017,0.98385983057416,1.1179665245870298
965,-0.00019104683861193017,0.008403908996592158,-0.0018469745163658402,0.006021417034968591,513.4095611572266,496.7276788330078,3.920080761822269,1,0,-0.0017399574298924136,-0.0017399574298924136,-0.0017399574298924136,0.9821479563519798,1.1160213104262036
966,-0.0017399574298924136,-0.00019104683861193017,0.008403908996592158,0.005965931251871497,514.0000549316406,497.4762390136719,3.8622512418635284,0,1,-0.006357936595122515,-0.0,-0.006357936595122515,0.9821479563519798,1.1089257176957081
967,-0.006357936595122515,-0.0017399574298924136,-0.00019104683861193017,0.00595215048513489,514.3653991699218,498.2159710693359,3.896720689275859,0,0,0.0010984241663800631,0.0,0.0010984241663800631,0.9821479563519798,1.1101437885027454
968,0.0010984241663800631,-0.006357936595122515,-0.0017399574298924136,0.006168739634354486,513.6337127685547,498.8027392578125,4.306959035015642,0,1,-0.012206084852630528,-0.0,-0.012206084852630528,0.9821479563519798,1.0965932792216602
969,-0.012206084852630528,0.0010984241663800631,-0.006357936595122515,0.006463147186936589,513.2614501953125,499.48492553710935,4.457542451397095,0,1,0.010446847473966736,0.0,0.010446847473966736,0.9821479563519798,1.108049221950666
970,0.010446847473966736,-0.012206084852630528,0.0010984241663800631,0.006128859532295141,513.015576171875,500.1208624267578,4.220560155672031,0,1,0.0005592444732953616,0.0,0.0005592444732953616,0.9821479563519798,1.108668892354181
971,0.0005592444732953616,0.010446847473966736,-0.012206084852630528,0.005943895183235373,512.971142578125,500.7808557128906,4.327768450532675,0,0,0.001156829938015136,0.0,0.001156829938015136,0.9821479563519798,1.1099514337202023
972,0.001156829938015136,0.0005592444732953616,0.010446847473966736,0.006395315630442467,512.5080383300781,501.2621624755859,4.446964574765766,0,1,-0.010013084401591321,-0.0,-0.010013084401591321,0.9821479563519798,1.0988373963326947
973,-0.010013084401591321,0.001156829938015136,0.0005592444732953616,0.006170552492872782,511.99753723144534,501.82757568359375,4.7128667553002686,0,0,0.007546936386148673,0.0,0.007546936386148673,0.9821479563519798,1.1071302522615387
974,0.007546936386148673,-0.010013084401591321,0.001156829938015136,0.006889345361064433,510.7908905029297,502.40948303222655,5.226332572147413,0,0,-0.013803104381401532,-0.0,-0.013803104381401532,0.9821479563519798,1.0918484178257652
975,-0.013803104381401532,0.007546936386148673,-0.010013084401591321,0.007384377963357918,509.0421569824219,502.7405737304687,5.940104844717723,0,0,-0.012528103367394627,-0.0,-0.012528103367394627,0.9821479563519798,1.0781696279857178
976,-0.012528103367394627,-0.013803104381401532,0.007546936386148673,0.007258390560683601,507.5303894042969,502.9521057128906,6.018395254727137,0,0,-0.0018238485428235807,-0.0,-0.0018238485428235807,0.9821479563519798,1.0762032098807994
977,-0.0018238485428235807,-0.012528103367394627,-0.013803104381401532,0.007187645671230583,505.6680908203125,503.1402227783203,6.208824069166042,0,0,-0.0059182522306534535,-0.0,-0.0059182522306534535,0.9821479563519798,1.069833967833286
978,-0.0059182522306534535,-0.0018238485428235807,-0.012528103367394627,0.007023536744400267,504.3301208496094,503.2798468017578,6.472613227292486,0,0,-0.002057621045539415,-0.0,-0.002057621045539415,0.9821479563519798,1.0676326549458393
979,-0.002057621045539415,-0.0059182522306534535,-0.0018238485428235807,0.006738399179634507,502.03236999511716,503.2522546386719,6.697604821390712,0,1,-0.008728380517372125,-0.0,-0.008728380517372125,0.9821479563519798,1.0583139508806998
980,-0.008728380517372125,-0.002057621045539415,-0.0059182522306534535,0.007099657697225006,500.15625915527346,503.3103851318359,6.806228805293212,0,1,0.009209130985944558,0.0,0.009209130985944558,0.9821479563519798,1.0680601026786127
981,0.009209130985944558,-0.008728380517372125,-0.002057621045539415,0.0077241791691894665,498.8064422607422,503.4289251708984,7.037567896893656,0,0,0.011866633467404464,0.0,0.011866633467404464,0.9821479563519798,1.0807343804382583
982,0.011866633467404464,0.009209130985944558,-0.008728380517372125,0.007720335969584394,497.94638977050784,503.54705627441405,6.553021018704238,1,0,-0.00047466808989682363,-0.00047466808989682363,-0.00047466808989682363,0.9816817620575422,1.08022139031421
983,-0.00047466808989682363,0.011866633467404464,0.009209130985944558,0.007738917435909132,496.513623046875,503.7631134033203,6.591815116420422,0,1,-0.003798903452181035,-0.0,-0.003798903452181035,0.9816817620575422,1.0761177335454255
984,-0.003798903452181035,-0.00047466808989682363,0.011866633467404464,0.007809876277051339,496.25787963867185,503.9849755859375,6.880995149204957,0,1,0.009473933363026488,0.0,0.009473933363026488,0.9816817620575422,1.086312801243806
985,0.009473933363026488,-0.003798903452181035,-0.00047466808989682363,0.007879656023884858,496.81182861328125,504.1746600341797,6.676453884471377,0,0,0.003541486119242432,0.0,0.003541486119242432,0.9816817620575422,1.0901599629505663
986,0.003541486119242432,0.009473933363026488,-0.003798903452181035,0.00850664449027927,496.6587768554688,504.2539935302734,6.73640996116062,0,0,-0.015841334467873835,-0.0,-0.015841334467873835,0.9816817620575422,1.0728903743539815
987,-0.015841334467873835,0.003541486119242432,0.009473933363026488,0.008450949338507877,496.6390319824219,504.35527770996094,6.801301462436746,0,1,-0.0032471054646801,-0.0,-0.0032471054646801,0.9816817620575422,1.069406586156414
988,-0.0032471054646801,-0.015841334467873835,0.003541486119242432,0.008773104543528695,497.1831024169922,504.5401263427734,6.619331681668078,0,1,0.009353393679748079,0.0,0.009353393679748079,0.9816817620575422,1.0794091669604502
989,0.009353393679748079,-0.0032471054646801,-0.015841334467873835,0.008885704275994895,498.775830078125,504.64601745605466,6.323103155189147,0,1,0.012395381780769599,0.0,0.012395381780769599,0.9816817620575422,1.0927888556825875
990,0.012395381780769599,0.009353393679748079,-0.0032471054646801,0.008878595573357845,500.4396514892578,504.8492907714844,6.395746379807621,1,1,0.010326779962637644,0.010326779962637644,0.010326779962637644,0.9918193736076448,1.104073845740844
991,0.010326779962637644,0.012395381780769599,0.009353393679748079,0.008881512801130144,501.5742126464844,505.1004400634766,6.044501802087979,1,1,0.0011034905276849916,0.0011034905276849916,0.0011034905276849916,0.9929138368915953,1.105292180771484
992,0.0011034905276849916,0.010326779962637644,0.012395381780769599,0.008876977682892377,502.73740234375,505.3340686035156,5.835022772557092,0,1,9.651771841179269e-05,0.0,9.651771841179269e-05,0.9929138368915953,1.1053988610509504
993,9.651771841179269e-05,0.0011034905276849916,0.010326779962637644,0.00866629009717162,504.3844360351562,505.6397393798828,5.6163765543931685,0,1,0.00576194012128628,0.0,0.00576194012128628,0.9929138368915953,1.111768103098464
994,0.00576194012128628,9.651771841179269e-05,0.0011034905276849916,0.008521599865969039,505.6266296386719,505.9228125,5.322262092772052,0,1,0.0012882399061335814,0.0,0.0012882399061335814,0.9929138368915953,1.113200327135242
995,0.0012882399061335814,0.00576194012128628,9.651771841179269e-05,0.007887876216804807,506.69798889160154,506.11335693359376,5.0662346035311225,0,1,0.00013422422138376078,0.0,0.00013422422138376078,0.9929138368915953,1.1133497455823957
996,0.00013422422138376078,0.0012882399061335814,0.00576194012128628,0.007285944733784026,508.8031951904297,506.36192932128904,4.997821713468885,0,1,0.004588167308032354,0.0,0.004588167308032354,0.9929138368915953,1.118457980487483
997,0.004588167308032354,0.00013422422138376078,0.0012882399061335814,0.0075884797332125935,511.70920715332034,506.8392730712891,4.917415178920834,0,0,0.012382949389534215,0.0,0.012382949389534215,0.9929138368915953,1.1323077890541802
998,0.012382949389534215,0.004588167308032354,0.00013422422138376078,0.00742050499267944,514.0454742431641,507.24449340820314,4.676905953178651,0,1,-0.002057443678150195,-0.0,-0.002057443678150195,0.9929138368915953,1.1299781295518705
999,-0.002057443678150195,0.012382949389534215,0.004588167308032354,0.007348862554516713,515.8386474609375,507.5651043701172,4.58521663716026,0,1,0.0014374743663070344,0.0,0.0014374743663070344,0.9929138368915953,1.131602444147589
1000,0.0014374743663070344,-0.002057443678150195,0.012382949389534215,0.00687483393383564,517.1707000732422,507.95859802246093,4.183894720529643,0,1,0.0011522982161793482,0.0,0.0011522982161793482,0.9929138368915953,1.1329063876254044
1001,0.0011522982161793482,0.0014374743663070344,-0.002057443678150195,0.006739816808207771,518.5748229980469,508.38642517089846,3.7698787412886565,0,0,0.0024523748912728127,0.0,0.0024523748912728127,0.9929138368915953,1.1356846988045795
1002,0.0024523748912728127,0.0011522982161793482,0.0014374743663070344,0.006529172952087354,519.82294921875,508.6757574462891,3.5893198776497,1,0,-0.0028792315286728654,-0.0028792315286728654,-0.0028792315286728654,0.9900550080671615,1.13241479961315
1003,-0.0028792315286728654,0.0024523748912728127,0.0011522982161793482,0.006834482426782476,520.394677734375,508.90460876464846,3.6478617682850176,0,1,-0.007304319826777594,-0.0,-0.007304319826777594,0.9900550080671615,1.1241432797401993
1004,-0.007304319826777594,-0.0028792315286728654,0.0024523748912728127,0.006776239837700814,521.2438659667969,509.2222662353516,3.5766308028271885,0,1,0.006616500353154198,0.0,0.006616500353154198,0.9900550080671615,1.1315811741475963
1005,0.006616500353154198,-0.007304319826777594,-0.0028792315286728654,0.006587294959164223,522.1226867675781,509.61684448242187,3.666912417969704,0,0,0.0006988639083373993,0.0,0.0006988639083373993,0.9900550080671615,1.1323719953895621
1006,0.0006988639083373993,0.006616500353154198,-0.007304319826777594,0.0068601210259447345,522.399169921875,509.87831726074216,3.7966908203650456,0,0,-0.00700254196671779,-0.0,-0.00700254196671779,0.9900550080671615,1.1244425129699107
1007,-0.00700254196671779,0.0006988639083373993,0.006616500353154198,0.005927320350195719,521.6911804199219,510.0145819091797,3.886264806421918,0,1,-0.006633773121481501,-0.0,-0.006633773121481501,0.9900550080671615,1.1169832164507199
1008,-0.006633773121481501,-0.00700254196671779,0.0006988639083373993,0.005999829474904962,521.56083984375,510.15065002441406,4.315799806996466,0,1,0.009108163342788744,0.0,0.009108163342788744,0.9900550080671615,1.1271568820373066
1009,0.009108163342788744,-0.006633773121481501,-0.00700254196671779,0.005799910753943443,521.3979125976563,510.2612420654297,4.58240861433429,0,1,0.0008152988317526866,0.0,0.0008152988317526866,0.9900550080671615,1.1280758517264335
1010,0.0008152988317526866,0.009108163342788744,-0.006633773121481501,0.005301425296790418,521.2330078125,510.40303894042967,4.647295829520841,0,1,0.0011179560774192687,0.0,0.0011179560774192687,0.9900550080671615,1.129336990980661
1011,0.0011179560774192687,0.0008152988317526866,0.009108163342788744,0.0054390815140505375,521.5598510742187,510.6972943115234,4.613441580454747,0,0,0.011885110365833507,0.0,0.011885110365833507,0.9900550080671615,1.1427592857586844
1012,0.011885110365833507,0.0011179560774192687,0.0008152988317526866,0.005450275975464929,522.0367736816406,511.0103106689453,4.596510557056413,0,0,-1.87284514425734e-05,-0.0,-1.87284514425734e-05,0.9900550080671615,1.1427378836468904
1013,-1.87284514425734e-05,0.011885110365833507,0.0011179560774192687,0.005475861462282287,522.8316528320313,511.22438537597657,4.748153676896862,0,1,-0.0012157536048030826,-0.0,-0.0012157536048030826,0.9900550080671615,1.1413485959455016
1014,-0.0012157536048030826,-1.87284514425734e-05,0.011885110365833507,0.005403403120343951,523.4458312988281,511.4730194091797,4.820798236090659,0,1,0.0030898469001348072,0.0,0.0030898469001348072,0.9900550080671615,1.144875188366657
1015,0.0030898469001348072,-0.0012157536048030826,-1.87284514425734e-05,0.005407644691065914,524.1508544921875,511.7651031494141,4.997831449921408,0,1,0.0024082741236772787,0.0,0.0024082741236772787,0.9900550080671615,1.1476323616576405
1016,0.0024082741236772787,0.0030898469001348072,-0.0012157536048030826,0.005592409672535877,525.6576721191407,512.2098406982421,5.236928056082754,1,1,0.008213010343132154,0.008213010343132154,0.008213010343132154,0.9981863400886869,1.157057878114048
1017,0.008213010343132154,0.0024082741236772787,0.0030898469001348072,0.005557497451468107,527.6167419433593,512.6648504638672,4.911777408040471,0,1,0.002013548032625989,0.0,0.002013548032625989,0.9981863400886869,1.1593876697281589
1018,0.002013548032625989,0.008213010343132154,0.0024082741236772787,0.004994147210775209,529.13837890625,513.2515832519531,4.816560025162602,0,1,0.0006083770985392256,0.0,0.0006083770985392256,0.9981863400886869,1.1600930146347503
1019,0.0006083770985392256,0.002013548032625989,0.008213010343132154,0.005146779342707108,531.0441223144531,513.8177764892578,5.064830096840901,0,1,0.007958870060923662,0.0,0.007958870060923662,0.9981863400886869,1.1693260441968136
1020,0.007958870060923662,0.0006083770985392256,0.002013548032625989,0.00515019750884232,533.0288635253906,514.4056964111328,4.8849775539198435,0,0,0.0025408330823268876,0.0,0.0025408330823268876,0.9981863400886869,1.1722971064939354
1021,0.0025408330823268876,0.007958870060923662,0.0006083770985392256,0.005239068721874885,534.2463684082031,514.9523394775391,4.896968234611348,1,0,-0.0027166211210586377,-0.0027166211210586377,-0.0027166211210586377,0.9954746459944498,1.1691124194142781
1022,-0.0027166211210586377,0.0025408330823268876,0.007958870060923662,0.005270325013268578,535.3924499511719,515.5871929931641,4.4384098872141875,0,0,-0.0013406532882335176,-0.0,-0.0013406532882335176,0.9954746459944498,1.1675450450048757
1023,-0.0013406532882335176,-0.0027166211210586377,0.0025408330823268876,0.005285764153453584,536.4273742675781,516.1103527832031,4.271531302673346,0,1,-0.0032506735744611825,-0.0,-0.0032506735744611825,0.9954746459944498,1.1637497371800851
1024,-0.0032506735744611825,-0.0013406532882335176,-0.0027166211210586377,0.004924545494736079,537.5064086914062,516.816123046875,4.17130064220478,1,1,0.003850797353790014,0.003850797353790014,0.003850797353790014,0.9993080171270102,1.168231101588492
1025,0.003850797353790014,-0.0032506735744611825,-0.0013406532882335176,0.004802293806011477,538.5254272460937,517.6617572021485,3.9540883071036808,0,1,0.0012481416971605874,0.0,0.0012481416971605874,0.9993080171270102,1.1696892195383046
1026,0.0012481416971605874,0.003850797353790014,-0.0032506735744611825,0.004797972854812746,539.1941833496094,518.5425994873046,3.9271192573353915,0,0,0.001576501253757856,0.0,0.001576501253757856,0.9993080171270102,1.1715332360594137
1027,0.001576501253757856,0.0012481416971605874,0.003850797353790014,0.00456291684644133,539.5423217773438,519.4396966552735,4.138967858397986,0,1,-0.00393504952388668,-0.0,-0.00393504952388668,0.9993080171270102,1.1669231947566407
1028,-0.00393504952388668,0.001576501253757856,0.0012481416971605874,0.004136056251591607,539.9688232421875,520.3793237304687,4.13550069982501,0,1,0.002058000331942811,0.0,0.002058000331942811,0.9993080171270102,1.1693247230788018
1029,0.002058000331942811,-0.00393504952388668,0.001576501253757856,0.003966262605679954,540.33232421875,521.4777673339844,4.164930133323318,0,1,0.006729842784292561,0.0,0.006729842784292561,0.9993080171270102,1.1771940946289086
1030,0.006729842784292561,0.002058000331942811,-0.00393504952388668,0.003988000094139355,540.8012573242188,522.5346960449219,3.884235953730776,1,1,0.004462443003212968,0.004462443003212968,0.004462443003212968,1.0037673721960934,1.1824472561799089
1031,0.004462443003212968,0.006729842784292561,0.002058000331942811,0.004050450012074632,541.7323364257812,523.5375183105468,3.8985311981089206,1,1,0.00576647647305073,0.00576647647305073,0.00576647647305073,1.009555573132278,1.1892658104632936
1032,0.00576647647305073,0.004462443003212968,0.006729842784292561,0.0034335901335387905,542.7992309570312,524.5577612304687,3.8355203997022693,1,1,0.001153970272046223,0.001153970272046223,0.001153970272046223,1.0107205702516513,1.1906381878541292
1033,0.001153970272046223,0.00576647647305073,0.004462443003212968,0.0034117429671358624,544.0949645996094,525.62662109375,3.4818863712249106,0,1,0.0009725540044869252,0.0,0.0009725540044869252,1.0107205702516513,1.191796147791622
1034,0.0009725540044869252,0.001153970272046223,0.00576647647305073,0.003733032381630209,545.7284973144531,526.7102465820312,3.7625145439192886,0,0,0.009895225846729971,0.0,0.009895225846729971,1.0107205702516513,1.2035892398372827
1035,0.009895225846729971,0.0009725540044869252,0.001153970272046223,0.004452182278084012,546.8152038574219,527.6624322509765,3.8740215723694456,0,1,-0.008622578367717515,-0.0,-0.008622578367717515,1.0107205702516513,1.1932111972942443
1036,-0.008622578367717515,0.009895225846729971,0.0009725540044869252,0.004551120454214551,548.1644226074219,528.8437286376953,4.1966778158083,0,1,0.0063074710559731795,0.0,0.0063074710559731795,1.0107205702516513,1.2007373423848409
1037,0.0063074710559731795,-0.008622578367717515,0.009895225846729971,0.004339412335865959,549.8791809082031,530.0877264404297,4.258945550951905,1,1,0.0027500889281606433,0.0027500889281606433,0.0027500889281606433,1.0135001417013645,1.2040394768557625
1038,0.0027500889281606433,0.0063074710559731795,-0.008622578367717515,0.004427533322764647,551.8128601074219,531.3052752685547,4.320500135068504,0,0,0.005930133143262406,0.0,0.005930133143262406,1.0135001417013645,1.2111795912632612
1039,0.005930133143262406,0.0027500889281606433,0.0063074710559731795,0.005653818882475306,552.5984191894531,532.24228515625,4.6771184855570676,1,0,-0.014020972011067334,-0.014020972011067334,-0.014020972011067334,0.9992898845813569,1.1941976761137831
1040,-0.014020972011067334,0.005930133143262406,0.0027500889281606433,0.005775166873507127,552.7172912597656,532.9902239990234,5.154029598175815,0,0,-0.007685001132831548,-0.0,-0.007685001132831548,0.9992898845813569,1.185020265620024
1041,-0.007685001132831548,-0.014020972011067334,0.005930133143262406,0.005969217390219964,552.1575988769531,533.6541955566406,5.071951726302108,0,1,-0.006640483335858427,-0.0,-0.006640483335858427,0.9992898845813569,1.1771511582935197
1042,-0.006640483335858427,-0.007685001132831548,-0.014020972011067334,0.006316228543686772,552.0951965332031,534.4293200683594,5.278569590004054,1,0,0.010309906607715913,0.010309906607715913,0.010309906607715913,1.009592469965426,1.1892874767986905
1043,0.010309906607715913,-0.006640483335858427,-0.007685001132831548,0.006320349959431799,551.8931030273437,535.1283544921876,5.14412678596068,0,0,-0.0015687400169448473,-0.0,-0.0015687400169448473,1.009592469965426,1.187421793942185
1044,-0.0015687400169448473,0.010309906607715913,-0.006640483335858427,0.008111634827024573,549.9029479980469,535.5655102539063,5.87364653627867,0,0,-0.022662421157437884,-0.0,-0.022662421157437884,1.009592469965426,1.1605119411563467
1045,-0.022662421157437884,-0.0015687400169448473,0.010309906607715913,0.0081318777039663,548.1129028320313,535.9454150390625,6.303859054580195,0,1,-0.005210308325621638,-0.0,-0.005210308325621638,1.009592469965426,1.1544653161273564
1046,-0.005210308325621638,-0.022662421157437884,-0.0015687400169448473,0.008521468563866815,546.5724975585938,536.3975891113281,6.779357536388902,0,1,0.011199686721409474,0.0,0.011199686721409474,1.009592469965426,1.1673949659987157
1047,0.011199686721409474,-0.005210308325621638,-0.022662421157437884,0.008514710800820512,544.9112365722656,536.7281323242188,6.951299961383086,0,0,0.0005877948041610459,0.0,0.0005877948041610459,1.009592469965426,1.1680811546941334
1048,0.0005877948041610459,0.011199686721409474,-0.005210308325621638,0.008543683018027626,542.6466918945313,537.0255187988281,7.161457246826923,0,1,-0.005066497496892808,-0.0,-0.005066497496892808,1.009592469965426,1.1621630744477078
1049,-0.005066497496892808,0.0005877948041610459,0.011199686721409474,0.009259602526905714,542.0394409179687,537.4824438476562,7.51525038011146,0,0,0.016254633068900404,0.0,0.016254633068900404,1.009592469965426,1.1810536087890806
1050,0.016254633068900404,-0.005066497496892808,0.0005877948041610459,0.009671713190791872,541.08349609375,537.772783203125,8.099009382179418,0,0,-0.014161048720978675,-0.0,-0.014161048720978675,1.009592469965426,1.1643286510929307
1051,-0.014161048720978675,0.016254633068900404,-0.005066497496892808,0.010368496974439404,539.4895935058594,537.8371496582031,8.749983704726933,0,0,-0.018618307728389905,-0.0,-0.018618307728389905,1.009592469965426,1.1426508219699014
1052,-0.018618307728389905,-0.014161048720978675,0.016254633068900404,0.01182583314345309,535.7975524902344,537.6242407226563,10.094403773748496,0,1,-0.029123772129418968,-0.0,-0.029123772129418968,1.009592469965426,1.1093725198073567
1053,-0.029123772129418968,-0.018618307728389905,-0.014161048720978675,0.012103366780487457,532.6642395019531,537.5822668457031,10.38594044937595,0,0,0.009219712464534346,0.0,0.009219712464534346,1.009592469965426,1.1196006154560365
1054,0.009219712464534346,-0.029123772129418968,-0.018618307728389905,0.01209762781536989,530.4284118652344,537.4024194335938,10.700816284314309,0,1,-0.006684173791350556,-0.0,-0.006684173791350556,1.009592469965426,1.1121170103654252
1055,-0.006684173791350556,0.009219712464534346,-0.029123772129418968,0.01311556682696672,529.6596923828125,537.4528161621093,11.157913131756667,1,1,0.023117370291918515,0.023117370291918515,0.023117370291918515,1.0329315929375493,1.1378262311019842
1056,0.023117370291918515,-0.006684173791350556,0.009219712464534346,0.013124163733835145,528.5254272460937,537.6228405761718,11.13456147474233,0,1,0.004409585443468256,0.0,0.004409585443468256,1.0329315929375493,1.142843573087848
1057,0.004409585443468256,0.023117370291918515,-0.006684173791350556,0.01300192419270019,527.38720703125,537.8673376464844,11.227963159542375,0,1,0.0005255139569271261,0.0,0.0005255139569271261,1.0329315929375493,1.14344415333609
1058,0.0005255139569271261,0.004409585443468256,0.023117370291918515,0.013594939527315473,527.3911682128906,538.1915844726562,10.910966581889678,0,1,0.01644563192328241,0.0,0.01644563192328241,1.0329315929375493,1.1622488150066845
1059,0.01644563192328241,0.0005255139569271261,0.004409585443468256,0.013531495869111924,526.6917907714844,538.5412194824219,10.545146687226069,0,1,0.0031547727845206985,0.0,0.0031547727845206985,1.0329315929375493,1.165915445937109
1060,0.0031547727845206985,0.01644563192328241,0.0005255139569271261,0.01382112526367546,527.6883544921875,539.0638525390625,10.603871834382504,0,1,0.017140199822825997,0.0,0.017140199822825997,1.0329315929375493,1.1858994696569904
1061,0.017140199822825997,0.0031547727845206985,0.01644563192328241,0.013723200554308998,529.8092590332031,539.48703125,10.563538978363303,0,1,0.00224196912733321,0.0,0.00224196912733321,1.0329315929375493,1.1885582196560822
1062,0.00224196912733321,0.017140199822825997,0.0031547727845206985,0.013772861663793826,533.9926391601563,540.0154138183593,10.346310071082447,0,0,0.009561491446388404,0.0,0.009561491446388404,1.0329315929375493,1.1999226089068584
1063,0.009561491446388404,0.00224196912733321,0.017140199822825997,0.013614982681461656,537.6133422851562,540.5386047363281,9.780949930808159,0,1,-0.0016260708627346965,-0.0,-0.0016260708627346965,1.0329315929375493,1.1979714497149785
1064,-0.0016260708627346965,0.009561491446388404,0.00224196912733321,0.013621957882163907,541.7699768066407,541.0672485351563,9.21063718998421,0,0,0.003436422327161903,0.0,0.003436422327161903,1.0329315929375493,1.2020881855520815
1065,0.003436422327161903,-0.0016260708627346965,0.009561491446388404,0.012705834054391284,544.3029846191406,541.4832421875,8.771229913119877,0,1,-0.007848425907751366,-0.0,-0.007848425907751366,1.0329315929375493,1.1926536854931928
1066,-0.007848425907751366,0.003436422327161903,-0.0016260708627346965,0.01276499579142527,547.1896484375,541.9292358398437,7.656073336436618,0,0,0.010625294028573817,0.0,0.010625294028573817,1.0329315929375493,1.2053259815758202
1067,0.010625294028573817,-0.007848425907751366,0.003436422327161903,0.012625988050165612,549.9158203125,542.3271533203125,7.1246714345271585,0,1,-0.0023838360809905756,-0.0,-0.0023838360809905756,1.0329315929375493,1.2024526820115844
1068,-0.0023838360809905756,0.010625294028573817,-0.007848425907751366,0.012624357234143674,551.8495056152344,542.7338098144531,6.431235419258306,0,0,0.0013731378507129133,0.0,0.0013731378507129133,1.0329315929375493,1.2041038153029457
1069,0.0013731378507129133,-0.0023838360809905756,0.010625294028573817,0.012644649798437898,553.2908569335938,542.99056640625,6.005272459601413,0,1,-0.00580517669033398,-0.0,-0.00580517669033398,1.0329315929375493,1.197113779901607
1070,-0.00580517669033398,0.0013731378507129133,-0.0023838360809905756,0.01218444317553851,553.8138977050781,543.220859375,6.044188740558338,0,1,8.939046627509661e-05,0.0,8.939046627509661e-05,1.0329315929375493,1.1972207904605767
1071,8.939046627509661e-05,-0.00580517669033398,0.0013731378507129133,0.011829987157518462,554.7421081542968,543.5861791992188,6.20552000793925,0,0,0.009546048472447888,0.0,0.009546048472447888,1.0329315929375493,1.2086495181585357
1072,0.009546048472447888,8.939046627509661e-05,-0.00580517669033398,0.012006015518812802,553.9961730957032,543.7361584472657,6.570631660475312,0,0,-0.02057901860671374,-0.0,-0.02057901860671374,1.0329315929375493,1.1837766972353556
1073,-0.02057901860671374,0.009546048472447888,8.939046627509661e-05,0.009769798905439539,553.2284423828125,543.898818359375,6.579826273201401,0,0,-0.002046779970929946,-0.0,-0.002046779970929946,1.0329315929375493,1.1813537668014007
1074,-0.002046779970929946,-0.02057901860671374,0.009546048472447888,0.00973229290916389,552.1377807617188,543.9935229492188,6.373922854135701,0,0,-0.002432097423461843,-0.0,-0.002432097423461843,1.0329315929375493,1.178480599348966
1075,-0.002432097423461843,-0.002046779970929946,-0.02057901860671374,0.010436785954089796,550.5666564941406,543.8914880371094,6.968291003102536,0,1,-0.016830322831178357,-0.0,-0.016830322831178357,1.0329315929375493,1.1586463904116424
1076,-0.016830322831178357,-0.002432097423461843,-0.002046779970929946,0.009514516305959682,549.0093994140625,543.8922790527344,7.081506937750711,0,1,0.011196214999071863,0.0,0.011196214999071863,1.0329315929375493,1.1716188445065898
1077,0.011196214999071863,-0.016830322831178357,-0.002432097423461843,0.009513685391417826,547.8206665039063,543.982822265625,7.241421715935969,0,1,0.004355920787868062,0.0,0.004355920787868062,1.0329315929375493,1.176722323386834
1078,0.004355920787868062,0.011196214999071863,-0.016830322831178357,0.009702370045946642,547.1133605957032,544.1627172851563,7.808901342245885,0,1,0.010258763341584931,0.0,0.010258763341584931,1.0329315929375493,1.1887940392212195
1079,0.010258763341584931,0.004355920787868062,0.011196214999071863,0.009248281228174043,547.1916198730469,544.3624255371094,7.699934923602354,0,1,0.00842339199639408,0.0,0.00842339199639408,1.0329315929375493,1.1988077174165566
1080,0.00842339199639408,0.010258763341584931,0.004355920787868062,0.009277555978153518,547.5541870117188,544.5714453125,7.492606243389877,0,1,0.005222614335536946,0.0,0.005222614335536946,1.0329315929375493,1.2050686277870886
1081,0.005222614335536946,0.00842339199639408,0.010258763341584931,0.008569631087393007,547.4709777832031,544.7339074707031,7.375853116232398,1,1,0.001476936785746119,0.001476936785746119,0.001476936785746119,1.0344571676043182,1.206848437972816
1082,0.001476936785746119,0.005222614335536946,0.00842339199639408,0.008564285052756275,548.55966796875,544.8882458496093,7.520911355080061,0,0,0.0004086456412846218,0.0,0.0004086456412846218,1.0344571676043182,1.2073416113266846
1083,0.0004086456412846218,0.001476936785746119,0.005222614335536946,0.008355937648475682,549.5948669433594,544.998798828125,7.609355051374125,0,1,-0.0029658202997837613,-0.0,-0.0029658202997837613,1.0344571676043182,1.2037608530670383
1084,-0.0029658202997837613,0.0004086456412846218,0.001476936785746119,0.009114311489349158,551.7118103027344,545.190185546875,7.96172883324361,0,0,0.0170643557287935,0.0,0.0170643557287935,1.0344571676043182,1.22430225647617
1085,0.0170643557287935,-0.0029658202997837613,0.0004086456412846218,0.00911710507542117,554.647314453125,545.45791015625,7.756013977548695,0,1,-0.0017285755475674458,-0.0,-0.0017285755475674458,1.0344571676043182,1.2221859575327938
1086,-0.0017285755475674458,0.0170643557287935,-0.0029658202997837613,0.008901721294941869,557.1245910644532,545.6843127441406,6.911646109349257,1,1,0.0024988247405808295,0.0024988247405808295,0.0024988247405808295,1.037042094767799,1.2252399860410672
1087,0.0024988247405808295,-0.0017285755475674458,0.0170643557287935,0.008653798965559028,559.5280517578125,545.9125964355469,6.826847206673798,0,0,0.0028612506908902713,0.0,0.0028612506908902713,1.037042094767799,1.2287457047976336
1088,0.0028612506908902713,0.0024988247405808295,-0.0017285755475674458,0.00865044621087922,561.2486083984375,546.0498669433593,6.564274648662376,0,1,-0.002205401211637481,-0.0,-0.002205401211637481,1.037042094767799,1.2260358275314784
1089,-0.002205401211637481,0.0028612506908902713,0.0024988247405808295,0.008675068464883159,562.731103515625,546.3889624023437,6.0452459477070795,0,0,0.003964639036064588,0.0,0.003964639036064588,1.037042094767799,1.2308966170329234
1090,0.003964639036064588,-0.002205401211637481,0.0028612506908902713,0.008553336410153262,563.8418701171875,546.7963610839844,5.794874933274075,0,1,-0.0014503466374615748,-0.0,-0.0014503466374615748,1.037042094767799,1.2291113902633468
1091,-0.0014503466374615748,0.003964639036064588,-0.002205401211637481,0.008568512284531472,565.0979614257812,547.3219799804688,5.833741926076519,0,0,0.004007278926261737,0.0,0.004007278926261737,1.037042094767799,1.2340367824355774
1092,0.004007278926261737,-0.0014503466374615748,0.003964639036064588,0.008648481142636185,565.8205261230469,547.6333117675781,5.316126832472695,0,1,-0.008958497576024071,-0.0,-0.008958497576024071,1.037042094767799,1.2229816669114038
1093,-0.008958497576024071,0.004007278926261737,-0.0014503466374615748,0.007164213204527241,566.732373046875,547.9666528320313,5.173490032649568,0,0,0.0004221591648074785,0.0,0.0004221591648074785,1.037042094767799,1.2234979598304818
1094,0.0004221591648074785,-0.008958497576024071,0.004007278926261737,0.007158810645432047,566.5918762207032,548.5279711914062,5.200610794454893,0,1,-0.0018281885050124291,-0.0,-0.0018281885050124291,1.037042094767799,1.2212611749244136
1095,-0.0018281885050124291,0.0004221591648074785,-0.008958497576024071,0.00727418856314534,567.0618713378906,549.2477038574219,5.366678407049919,0,0,0.00908726157486206,0.0,0.00908726157486206,1.037042094767799,1.232359094672175
1096,0.00908726157486206,-0.0018281885050124291,0.0004221591648074785,0.0064041442549655605,566.8760620117188,549.7450256347656,5.407674044146047,0,1,-0.00904037487378262,-0.0,-0.00904037487378262,1.037042094767799,1.2212181064772232
1097,-0.00904037487378262,0.00908726157486206,-0.0018281885050124291,0.006296806144098209,567.0618835449219,550.3427258300782,5.275950527248759,1,1,0.009457558847675962,0.009457558847675962,0.009457558847675962,1.0468499814065826,1.2327678485850788
1098,0.009457558847675962,-0.00904037487378262,0.00908726157486206,0.0063604841657262205,567.7673828125,551.0740051269531,4.829882812148379,0,0,0.006926405441844974,0.0,0.006926405441844974,1.0468499814065826,1.24130649852005
1099,0.006926405441844974,0.009457558847675962,-0.00904037487378262,0.006171372371695041,568.1479553222656,551.6106652832032,4.755359438120657,1,1,-0.001750022536475826,-0.001750022536475826,-0.001750022536475826,1.0450179703468119,1.239134184172966
1100,-0.001750022536475826,0.006926405441844974,0.009457558847675962,0.006066529555839576,568.9538146972657,552.3704248046874,4.910795875301257,0,1,0.0059882065403507045,0.0,0.0059882065403507045,1.0450179703468119,1.2465543755990027
1101,0.0059882065403507045,-0.001750022536475826,0.006926405441844974,0.006181189722360038,570.0031188964844,553.4246850585937,5.047780798882578,0,0,0.008178386498286061,0.0,0.008178386498286061,1.0450179703468119,1.256749179073781
1102,0.008178386498286061,0.0059882065403507045,-0.001750022536475826,0.006540682498712123,571.1120422363281,554.6962097167968,5.287678189868351,0,1,-0.007769766324635219,-0.0,-0.007769766324635219,1.0450179703468119,1.2469845316237007
1103,-0.007769766324635219,0.008178386498286061,0.0059882065403507045,0.006561852247040958,572.4475158691406,555.9233081054688,5.2209610876604495,0,1,0.004346500392314434,0.0,0.004346500392314434,1.0450179703468119,1.252404550379613
1104,0.004346500392314434,-0.007769766324635219,0.008178386498286061,0.006485144484531955,573.8912902832031,557.220546875,5.232319581307203,0,1,8.576054306153047e-05,0.0,8.576054306153047e-05,1.0450179703468119,1.2525119572739865
1105,8.576054306153047e-05,0.004346500392314434,-0.007769766324635219,0.005508982968636772,575.0449279785156,558.3247509765625,5.000942389225364,0,0,0.0038465526321536103,0.0,0.0038465526321536103,1.0450179703468119,1.2573298104400426
1106,0.0038465526321536103,8.576054306153047e-05,0.004346500392314434,0.005506653670528627,576.6178833007813,559.3635168457031,4.730526051426182,0,0,-0.0016421907154073878,-0.0,-0.0016421907154073878,1.0450179703468119,1.255265035099133
1107,-0.0016421907154073878,0.0038465526321536103,8.576054306153047e-05,0.005513003329351577,577.6264465332031,560.3905737304688,4.694327863845907,0,0,-0.0005310720287751147,-0.0,-0.0005310720287751147,1.0450179703468119,1.2545983989502925
1108,-0.0005310720287751147,-0.0016421907154073878,0.0038465526321536103,0.005931839518399644,577.7109069824219,561.1379528808594,5.020106967312732,0,1,-0.009137376019982102,-0.0,-0.009137376019982102,1.0450179703468119,1.243134661625016
1109,-0.009137376019982102,-0.0005310720287751147,-0.0016421907154073878,0.005906131633712741,578.0199279785156,561.8762927246094,4.874611232995586,0,0,0.0021625517536818517,0.0,0.0021625517536818517,1.0450179703468119,1.245823004667576
1110,0.0021625517536818517,-0.009137376019982102,-0.0005310720287751147,0.005864646703519203,577.9662658691407,562.4260070800781,4.876745320228126,0,1,-0.0003452786014435105,-0.0,-0.0003452786014435105,1.0450179703468119,1.2453928486428782
1111,-0.0003452786014435105,0.0021625517536818517,-0.009137376019982102,0.005870002122833284,577.619482421875,562.9867297363281,4.712796226151697,0,1,0.0030915017911679055,0.0,0.0030915017911679055,1.0450179703468119,1.2492429828651654
1112,0.0030915017911679055,-0.0003452786014435105,0.0021625517536818517,0.005827535859305574,577.8172180175782,563.4611254882813,4.664529070187565,0,0,0.0016182398537725184,0.0,0.0016182398537725184,1.0450179703468119,1.2512645576470836
1113,0.0016182398537725184,0.0030915017911679055,-0.0003452786014435105,0.005469895376400589,577.5896728515625,563.91857421875,4.731246189652024,0,0,-0.0030251534775486144,-0.0,-0.0030251534775486144,1.0450179703468119,1.2474792903191843
1114,-0.0030251534775486144,0.0016182398537725184,0.0030915017911679055,0.007077481803293673,576.2273803710938,564.1120275878907,5.238716881166746,0,1,-0.019603069196068024,-0.0,-0.019603069196068024,1.0450179703468119,1.2230248674703954
1115,-0.019603069196068024,-0.0030251534775486144,0.0016182398537725184,0.007122063583230426,574.8809753417969,564.4403491210937,5.325299627517642,0,0,0.004220470345176475,0.0,0.004220470345176475,1.0450179703468119,1.2281866076549677
1116,0.004220470345176475,-0.019603069196068024,-0.0030251534775486144,0.006845144859050092,573.5077392578125,564.6271350097657,5.201088230299937,0,1,-0.0021540202461768354,-0.0,-0.0021540202461768354,1.0450179703468119,1.2255410688359956
1117,-0.0021540202461768354,0.004220470345176475,-0.019603069196068024,0.007037601300149637,572.8499389648438,564.9773974609375,5.418277724290841,0,1,0.012091894126530889,0.0,0.012091894126530889,1.0450179703468119,1.2403601816880758
1118,0.012091894126530889,-0.0021540202461768354,0.004220470345176475,0.008615516991457484,574.1466613769531,565.5973840332031,6.21816993111839,0,1,0.024865593974724653,0.0,0.024865593974724653,1.0450179703468119,1.2712024743483472
1119,0.024865593974724653,0.012091894126530889,-0.0021540202461768354,0.008642646959456525,575.7732788085938,566.3727770996094,6.40057371971974,1,1,0.007732038047127077,0.007732038047127077,0.007732038047127077,1.053098089053465,1.2810314602456108
1120,0.007732038047127077,0.024865593974724653,0.012091894126530889,0.008628892879535296,577.6761352539063,567.1984545898438,6.384961841164592,1,1,0.0043317374770937,0.0043317374770937,0.0043317374770937,1.0576598335128735,1.2865805522312928
1121,0.0043317374770937,0.007732038047127077,0.024865593974724653,0.008577265284417079,579.4577514648438,567.9298583984375,6.317534249581764,0,0,0.0009528089020014452,0.0,0.0009528089020014452,1.0576598335128735,1.2878064176346007
1122,0.0009528089020014452,0.0043317374770937,0.007732038047127077,0.008496746225806465,580.9611633300781,568.8541235351563,6.035049153669904,0,1,-0.0031062224676552397,-0.0,-0.0031062224676552397,1.0576598335128735,1.2838062044061536
1123,-0.0031062224676552397,0.0009528089020014452,0.0043317374770937,0.008255886468438346,582.66826171875,569.8065380859375,6.090407778841966,0,0,0.000485717937419361,0.0,0.000485717937419361,1.0576598335128735,1.284429772107804
1124,0.000485717937419361,-0.0031062224676552397,0.0009528089020014452,0.008400008814363164,585.1235778808593,570.7091870117188,6.003815472591547,0,0,-0.006430169669833119,-0.0,-0.006430169669833119,1.0576598335128735,1.2761706707441658
1125,-0.006430169669833119,0.000485717937419361,-0.0031062224676552397,0.008919913640144763,586.5852478027343,571.6440673828125,6.416883786359912,0,1,-0.012808575932076294,-0.0,-0.012808575932076294,1.0576598335128735,1.2598247418056505
1126,-0.012808575932076294,-0.006430169669833119,0.000485717937419361,0.008925043566482277,588.4076171875,572.5067785644532,6.39346067433449,0,1,0.00409729395294689,0.0,0.00409729395294689,1.0576598335128735,1.2649866141020236
1127,0.00409729395294689,-0.012808575932076294,-0.006430169669833119,0.00894145690616084,589.758984375,573.3650610351563,6.604961823255361,0,1,0.003655514780908309,0.0,0.003655514780908309,1.0576598335128735,1.2696107913675247
1128,0.003655514780908309,0.00409729395294689,-0.012808575932076294,0.00893807020903569,589.705322265625,574.1157763671876,6.220983409728636,0,1,0.0003388093639582479,0.0,0.0003388093639582479,1.0576598335128735,1.2700409473922225
1129,0.0003388093639582479,0.003655514780908309,0.00409729395294689,0.008703685579957968,589.5125549316406,574.8369641113281,6.274927933464239,0,1,0.005368351193856924,0.0,0.005368351193856924,1.0576598335128735,1.2768589732284028
1130,0.005368351193856924,0.0003388093639582479,0.003655514780908309,0.00871066475191916,589.2462585449218,575.5368688964844,6.160658506210983,0,1,0.003099434784606059,0.0,0.003099434784606059,1.0576598335128735,1.2808165143450634
1131,0.003099434784606059,0.005368351193856924,0.0003388093639582479,0.008712345864941842,589.1240478515625,576.2604724121094,6.0705135358471125,0,1,0.0033920773549593886,0.0,0.0033920773549593886,1.0576598335128735,1.2851611430392313
1132,0.0033920773549593886,0.003099434784606059,0.005368351193856924,0.008743724946268187,589.4966613769532,577.0415222167969,5.259259639510666,0,0,0.0052214111471931,0.0,0.0052214111471931,1.0576598335128735,1.2918714977574357
1133,0.0052214111471931,0.0033920773549593886,0.003099434784606059,0.008802818770662928,589.659619140625,577.8194885253906,5.114467069300588,0,1,-0.0030300789794227567,-0.0,-0.0030300789794227567,1.0576598335128735,1.2879570250879655
1134,-0.0030300789794227567,0.0052214111471931,0.0033920773549593886,0.008800691661219879,590.5737854003906,578.48158203125,5.149242104328526,0,1,0.006212128780890502,0.0,0.006212128780890502,1.0576598335128735,1.2959579799920646
1135,0.006212128780890502,-0.0030300789794227567,0.0052214111471931,0.00730357695758217,592.3504455566406,579.1846936035156,5.05555832608355,0,1,0.0017924360483223545,0.0,0.0017924360483223545,1.0576598335128735,1.2982809017925134
1136,0.0017924360483223545,0.006212128780890502,-0.0030300789794227567,0.007314916567341234,593.9164428710938,579.8651489257812,4.835531746850173,0,1,0.0004637158855407275,0.0,0.0004637158855407275,1.0576598335128735,1.2988829352705689
1137,0.0004637158855407275,0.0017924360483223545,0.006212128780890502,0.007265283940769252,595.6414306640625,580.5877368164063,4.816374561157294,0,0,0.0062096108555036444,0.0,0.0062096108555036444,1.0576598335128735,1.3069484928454533
1138,0.0062096108555036444,0.0004637158855407275,0.0017924360483223545,0.007029054677068803,597.2471801757813,581.3154907226562,4.604869069210695,0,1,-0.001645650257269371,-0.0,-0.001645650257269371,1.0576598335128735,1.3047977127219643
1139,-0.001645650257269371,0.0062096108555036444,0.0004637158855407275,0.004797523371774557,598.6522094726563,582.0211853027344,4.102364347412585,0,0,0.0018956173189883518,0.0,0.0018956173189883518,1.0576598335128735,1.3072711098639764
1140,0.0018956173189883518,-0.001645650257269371,0.0062096108555036444,0.004763341646319849,599.5633850097656,582.681171875,4.076103773515764,0,0,-0.005149674771211976,-0.0,-0.005149674771211976,1.0576598335128735,1.3005390888103756
1141,-0.005149674771211976,0.0018956173189883518,-0.001645650257269371,0.004758829800687472,600.0870361328125,583.2582873535156,3.8390481526282576,0,1,-0.003109029034365385,-0.0,-0.003109029034365385,1.0576598335128735,1.296495675022937
1142,-0.003109029034365385,-0.005149674771211976,0.0018956173189883518,0.0050224130594910925,600.7637145996093,584.0301599121094,3.8014304777091104,0,0,0.007730578659771448,0.0,0.007730578659771448,1.0576598335128735,1.3065183368207554
1143,0.007730578659771448,-0.003109029034365385,-0.005149674771211976,0.005118861720178454,601.3102294921875,584.7350598144532,3.4792003955558033,1,0,-0.005152540727580535,-0.005152540727580535,-0.005152540727580535,1.0522101981447725,1.2997864478789556
1144,-0.005152540727580535,0.007730578659771448,-0.003109029034365385,0.0051218139981559965,601.4751831054688,585.4582434082031,3.5728885392666387,1,1,-0.00019850518380071236,-0.00019850518380071236,-0.00019850518380071236,1.0520013289659929,1.2995284335312176
1145,-0.00019850518380071236,-0.005152540727580535,0.007730578659771448,0.004918901877201538,601.7891723632813,586.1301538085937,3.4245484753527244,1,0,0.004269877917947307,0.004269877917947307,0.004269877917947307,1.056493246210196,1.3050772612932973
1146,0.004269877917947307,-0.00019850518380071236,-0.005152540727580535,0.003965396108556005,601.8269348144531,586.8553234863281,3.4316467438348712,1,0,-0.004120024513639686,-0.004120024513639686,-0.004120024513639686,1.0521404681373152,1.299700310984575
1147,-0.004120024513639686,0.004269877917947307,-0.00019850518380071236,0.007849871130337633,599.7025024414063,587.1158605957031,4.634681772208312,0,0,-0.029803467860256894,-0.0,-0.029803467860256894,1.0521404681373152,1.2609647345381805
1148,-0.029803467860256894,-0.004120024513639686,0.004269877917947307,0.0078020107277287165,597.6595397949219,587.2939221191406,4.82134917470693,0,1,-0.0003071868629631602,-0.0,-0.0003071868629631602,1.0521404681373152,1.2605773827370705
1149,-0.0003071868629631602,-0.029803467860256894,-0.004120024513639686,0.00825330846042705,596.2018127441406,587.6319567871094,5.746864771608882,0,1,0.012011112849670047,0.0,0.012011112849670047,1.0521404681373152,1.2757183199368671
1150,0.012011112849670047,-0.0003071868629631602,-0.029803467860256894,0.008273632813541609,595.4080383300782,587.9720166015625,6.161771890635911,1,1,0.005988285019376871,0.005988285019376871,0.005988285019376871,1.058440985140942,1.2833576848410897
1151,0.005988285019376871,0.012011112849670047,-0.0003071868629631602,0.008589331119121626,595.4600830078125,588.3496801757813,6.351443065514786,1,1,0.011114989748490345,0.011114989748490345,0.011114989748490345,1.0702055458401656,1.2976221923517448
1152,0.011114989748490345,0.005988285019376871,0.012011112849670047,0.008567000424698903,595.053076171875,588.8183666992187,6.510057574568764,0,0,6.658418643890052e-05,0.0,6.658418643890052e-05,1.0702055458401656,1.2977085934697277
1153,6.658418643890052e-05,0.011114989748490345,0.005988285019376871,0.00881842763077794,594.3259765625,589.110751953125,7.092455542012999,0,0,-0.010526523683762057,-0.0,-0.010526523683762057,1.0702055458401656,1.284048233225947
1154,-0.010526523683762057,6.658418643890052e-05,0.011114989748490345,0.009134469030374643,592.9338317871094,589.2667517089844,7.579043703767638,0,0,-0.011411602725516334,-0.0,-0.011411602725516334,1.0702055458401656,1.2693951849079714
1155,-0.011411602725516334,-0.010526523683762057,6.658418643890052e-05,0.009016572704552332,591.0719787597657,589.3355639648438,7.761520446548185,0,0,-0.003638031857652546,-0.0,-0.003638031857652546,1.0702055458401656,1.2647770847853255
1156,-0.003638031857652546,-0.011411602725516334,-0.010526523683762057,0.008995602398140349,589.3149719238281,589.3947412109375,8.118940034054576,0,1,-0.002456981412092718,-0.0,-0.002456981412092718,1.0702055458401656,1.261669550997567
1157,-0.002456981412092718,-0.003638031857652546,-0.011411602725516334,0.00948544580678541,590.0763366699218,589.6058386230469,8.463649425031292,0,1,0.012503332455847671,0.0,0.012503332455847671,1.0702055458401656,1.2774446248431097
1158,0.012503332455847671,-0.002456981412092718,-0.003638031857652546,0.009469469653069213,591.1955749511719,589.9908557128906,8.708948496820662,0,0,0.005760634478527704,0.0,0.005760634478527704,1.0702055458401656,1.2848035163933909
1159,0.005760634478527704,0.012503332455847671,-0.002456981412092718,0.009744655732038155,590.9443298339844,590.2168371582031,9.23678862675344,0,1,-0.011304021553249277,-0.0,-0.011304021553249277,1.0702055458401656,1.2702800697523895
1160,-0.011304021553249277,0.005760634478527704,0.012503332455847671,0.009738143020789472,590.4258850097656,590.4639404296875,9.343121165084556,0,0,0.001460917568971487,0.0,0.001460917568971487,1.0702055458401656,1.272135844223805
1161,0.001460917568971487,-0.011304021553249277,0.005760634478527704,0.010180901465190961,588.351123046875,590.4960083007812,8.665793722700382,0,1,-0.015267460962898771,-0.0,-0.015267460962898771,1.0702055458401656,1.2527135598826138
1162,-0.015267460962898771,0.001460917568971487,-0.011304021553249277,0.010200164887307038,586.3621032714843,590.52734375,8.614090973849297,0,1,0.0015504803040384818,0.0,0.0015504803040384818,1.0702055458401656,1.2546558675838138
1163,0.0015504803040384818,-0.015267460962898771,0.001460917568971487,0.010004682425532664,585.0839477539063,590.6096069335938,8.030845290467507,0,1,0.00137602434472206,0.0,0.00137602434472206,1.0702055458401656,1.2563823046018574
1164,0.00137602434472206,0.0015504803040384818,-0.015267460962898771,0.010874097877604103,585.5385864257812,591.1289929199219,8.3235368445286,0,0,0.01819002390432889,0.0,0.01819002390432889,1.0702055458401656,1.279235928755541
1165,0.01819002390432889,0.00137602434472206,0.0015504803040384818,0.010876617745915288,586.092919921875,591.5779528808594,8.093512414689801,0,1,-0.0019231682808391604,-0.0,-0.0019231682808391604,1.0702055458401656,1.2767757427936486
1166,-0.0019231682808391604,0.01819002390432889,0.00137602434472206,0.01108162175695476,587.3830383300781,592.1698010253906,8.32994405344698,0,1,0.010039880559060466,0.0,0.010039880559060466,1.0702055458401656,1.2895944187520025
1167,0.010039880559060466,-0.0019231682808391604,0.01819002390432889,0.011242754925492903,588.4897094726563,592.7337927246094,7.966747151759242,0,1,0.009153514761785386,0.0,0.009153514761785386,1.0702055458401656,1.301398740300765
1168,0.009153514761785386,0.010039880559060466,-0.0019231682808391604,0.008952348002142606,589.594384765625,593.080400390625,7.5515659801271555,0,1,0.0056214062337258675,0.0,0.0056214062337258675,1.0702055458401656,1.3087144312920547
1169,0.0056214062337258675,0.009153514761785386,0.010039880559060466,0.008972565524529826,591.700048828125,593.4021911621094,7.4098457850684065,1,0,0.005458144884880722,0.005458144884880722,0.005458144884880722,1.0760468827659642,1.315857584270981
1170,0.005458144884880722,0.0056214062337258675,0.009153514761785386,0.008735027817417026,593.5425048828125,593.6372143554687,6.936272967565742,0,0,-0.002919324164959991,-0.0,-0.002919324164959991,1.0760468827659642,1.312016169427573
1171,-0.002919324164959991,0.005458144884880722,0.0056214062337258675,0.009290418547332273,595.4248474121093,593.6894274902344,7.318695347041593,0,1,-0.01414535441927156,-0.0,-0.01414535441927156,1.0760468827659642,1.293457235707205
1172,-0.01414535441927156,-0.002919324164959991,0.005458144884880722,0.009160545494740083,597.7309143066407,593.8812939453124,7.345041870240485,0,0,0.008592402569559843,0.0,0.008592402569559843,1.0760468827659642,1.3045711409829113
1173,0.008592402569559843,-0.01414535441927156,-0.002919324164959991,0.009219806784969059,599.6870300292969,594.0133605957031,6.941262794289734,0,1,-0.004482948481435156,-0.0,-0.004482948481435156,1.0760468827659642,1.2987228157675177
1174,-0.004482948481435156,0.008592402569559843,-0.01414535441927156,0.008954318468935688,600.9093444824218,594.2861462402344,6.976869970048662,1,0,0.005367081149522335,0.005367081149522335,0.005367081149522335,1.0818221137064596,1.305693166510478
1175,0.005367081149522335,-0.004482948481435156,0.008592402569559843,0.008630657275622781,601.9242858886719,594.6457604980469,6.832306014593452,0,0,-0.0053219368053647464,-0.0,-0.0053219368053647464,1.0818221137064596,1.2987443499911127
1176,-0.0053219368053647464,0.005367081149522335,-0.004482948481435156,0.008741608787324476,601.9432250976563,594.8769226074219,7.183392248974355,1,1,-0.006729567924630753,-0.006729567924630753,-0.006729567924630753,1.0745419183099043,1.290004361671117
1177,-0.006729567924630753,-0.0053219368053647464,0.005367081149522335,0.008790234627488755,601.8166076660157,595.1453173828126,7.067308160125866,0,1,0.006708286863932544,0.0,0.006708286863932544,1.0745419183099043,1.298658080984931
1178,0.006708286863932544,-0.006729567924630753,-0.0053219368053647464,0.00844381399572946,601.5952697753906,595.4583898925781,6.6428674284471185,0,1,0.004054529845545218,0.0,0.004054529845545218,1.0745419183099043,1.303923528933443
1179,0.004054529845545218,0.006708286863932544,-0.006729567924630753,0.008394130471988125,601.2532958984375,595.7503393554688,6.67135488781653,1,0,0.0034756357468082033,0.0034756357468082033,0.0034756357468082033,1.078276634612626,1.3084554921617084
1180,0.0034756357468082033,0.004054529845545218,0.006708286863932544,0.008249644048440273,600.5354614257812,595.8950549316406,6.69699586009976,0,1,-0.009153533876142705,-0.0,-0.009153533876142705,1.078276634612626,1.2964785004887813
1181,-0.009153533876142705,0.0034756357468082033,0.004054529845545218,0.008345811415494162,601.0818115234375,596.0809802246093,6.6435837769607735,0,1,0.006791158501634698,0.0,0.006791158501634698,1.078276634612626,1.3052830914795623
1182,0.006791158501634698,-0.009153533876142705,0.0034756357468082033,0.007442943722979217,601.1605712890625,596.2140759277344,6.548156477843195,0,0,0.0007606167523941387,0.0,0.0007606167523941387,1.078276634612626,1.3062759116655585
1183,0.0007606167523941387,0.006791158501634698,-0.009153533876142705,0.007530392912571981,601.3151062011718,596.3444580078125,6.731177084292166,1,1,-0.0032214918501909384,-0.0032214918501909384,-0.0032214918501909384,1.07480297522197,1.3020677544620272
1184,-0.0032214918501909384,0.0007606167523941387,0.006791158501634698,0.007767662915012034,601.7827026367188,596.5279296875,6.927725042255986,0,0,0.010557537580401899,0.0,0.010557537580401899,1.07480297522197,1.3158143837119896
1185,0.010557537580401899,-0.0032214918501909384,0.0007606167523941387,0.006860893674086545,602.5683410644531,596.6893395996094,6.115173062687234,0,1,-4.919750337728512e-05,-0.0,-4.919750337728512e-05,1.07480297522197,1.315749648929403
1186,-4.919750337728512e-05,0.010557537580401899,-0.0032214918501909384,0.0068263566922028545,603.9362243652344,596.88087890625,5.758388482188033,0,1,0.002935829744165508,0.0,0.002935829744165508,1.07480297522197,1.3196124658846051
1187,0.002935829744165508,-4.919750337728512e-05,0.010557537580401899,0.006551451298121614,605.0478759765625,597.0266064453125,5.642303665878501,0,0,0.0023548836253795002,0.0,0.0023548836253795002,1.07480297522197,1.3227199996723635
1188,0.0023548836253795002,0.002935829744165508,-4.919750337728512e-05,0.006388403375329493,605.6620361328125,597.1413610839844,5.6444348095496775,0,0,-0.004160255274454183,-0.0,-0.004160255274454183,1.07480297522197,1.3172171468171006
1189,-0.004160255274454183,0.0023548836253795002,0.002935829744165508,0.007347218106806988,605.0259521484375,597.025087890625,5.786863555806259,0,0,-0.017104103285771943,-0.0,-0.017104103285771943,1.07480297522197,1.294687328688151
1190,-0.017104103285771943,-0.004160255274454183,0.0023548836253795002,0.007266445422229994,604.6710205078125,596.91658203125,5.445748390668371,0,0,-0.004550437416077302,-0.0,-0.004550437416077302,1.07480297522197,1.2887959350255673
1191,-0.004550437416077302,-0.017104103285771943,-0.004160255274454183,0.007307785658538565,603.6132080078125,596.7862145996094,5.681472063395566,0,1,-0.004973172137566095,-0.0,-0.004973172137566095,1.07480297522197,1.2823865309904898
1192,-0.004973172137566095,-0.004550437416077302,-0.017104103285771943,0.00666754781507517,602.5394348144531,596.5692199707031,5.818919584668452,1,0,0.0005047993020994568,0.0005047993020994568,0.0005047993020994568,1.0753455350137566,1.2830338788163556
1193,0.0005047993020994568,-0.004973172137566095,-0.004550437416077302,0.007153643843737429,600.7139221191406,596.2251965332031,6.499015663525394,0,1,-0.015961937978493657,-0.0,-0.015961937978493657,1.0753455350137566,1.2625541716183828
1194,-0.015961937978493657,0.0005047993020994568,-0.004973172137566095,0.008029055051650044,599.1635864257812,596.0656103515626,6.798112447346211,0,0,0.015605579744493614,0.0,0.015605579744493614,1.0753455350137566,1.2822570614253166
1195,0.015605579744493614,-0.015961937978493657,0.0005047993020994568,0.00870665935097091,596.5783630371094,595.647177734375,7.703250534298653,0,0,-0.01751995291910613,-0.0,-0.01751995291910613,1.0753455350137566,1.2597919780789537
1196,-0.01751995291910613,0.015605579744493614,-0.015961937978493657,0.0089559230295879,593.1257507324219,595.1406420898437,8.394743387627718,0,1,-0.01183686490134761,-0.0,-0.01183686490134761,1.0753455350137566,1.2448799906306316
1197,-0.01183686490134761,-0.01751995291910613,0.015605579744493614,0.009297717169172756,590.1477111816406,595.1156481933593,8.750815858074052,0,0,0.010747827002392407,0.0,0.010747827002392407,1.0753455350137566,1.2582597454086695
1198,0.010747827002392407,-0.01183686490134761,-0.01751995291910613,0.009784107987281562,586.3920104980468,594.8878552246093,9.192343834342482,0,1,-0.017751089749862614,-0.0,-0.017751089749862614,1.0753455350137566,1.2359242637392809
1199,-0.017751089749862614,0.010747827002392407,-0.01183686490134761,0.009840213087090436,583.9972106933594,594.5841674804688,9.8930948870357,0,0,0.005604833877935977,0.0,0.005604833877935977,1.0753455350137566,1.2428514139232498
1200,0.005604833877935977,-0.017751089749862614,0.010747827002392407,0.011081905578216445,580.3451965332031,593.904013671875,11.1194028767375,0,0,-0.02663556264724176,-0.0,-0.02663556264724176,1.0753455350137566,1.209747367226484
1201,-0.02663556264724176,0.005604833877935977,-0.017751089749862614,0.011062605722830209,576.5246887207031,592.9991357421875,11.712619605100347,0,1,-0.008312878119322353,-0.0,-0.008312878119322353,1.0753455350137566,1.1996908848075591
1202,-0.008312878119322353,-0.02663556264724176,0.005604833877935977,0.010997234584434525,572.9683898925781,592.1522827148438,11.962585689178288,0,0,0.005306536505949477,0.0,0.005306536505949477,1.0753455350137566,1.2060570882836452
1203,0.005306536505949477,-0.008312878119322353,-0.02663556264724176,0.01114042103913634,569.615478515625,591.2830969238281,11.857185472938008,0,1,-0.013330501352603052,-0.0,-0.013330501352603052,1.0753455350137566,1.1899797426369636
1204,-0.013330501352603052,0.005306536505949477,-0.008312878119322353,0.012409763944817452,566.4878845214844,590.7764208984376,12.275211965572396,0,1,0.020655754194149223,0.0,0.020655754194149223,1.0753455350137566,1.2145596716968896
1205,0.020655754194149223,-0.013330501352603052,0.005306536505949477,0.012266324649523767,564.8308715820312,590.3989562988281,12.206136128349044,0,0,0.007711382365414909,0.0,0.007711382365414909,1.0753455350137566,1.223925605730957
1206,0.007711382365414909,0.020655754194149223,-0.013330501352603052,0.012345154230657207,563.2516235351562,589.9279724121094,12.232486050274028,0,1,-0.010808460030027,-0.0,-0.010808460030027,1.0753455350137566,1.2106968547416874
1207,-0.010808460030027,0.007711382365414909,0.020655754194149223,0.01268226141916558,561.6634033203125,589.4330615234375,11.987509607365407,0,0,0.010890876918228543,0.0,0.010890876918228543,1.0753455350137566,1.2238824051719657
1208,0.010890876918228543,-0.010808460030027,0.007711382365414909,0.012612579549999262,560.9435668945313,588.8374536132812,11.680580312749166,0,1,-0.0028917345549811513,-0.0,-0.0028917345549811513,1.0753455350137566,1.2203432621296963
1209,-0.0028917345549811513,0.010890876918228543,-0.010808460030027,0.012643349142387596,559.9222961425781,588.3797607421875,10.928600977572955,0,1,0.00032986182719207946,0.0,0.00032986182719207946,1.0753455350137566,1.220745806787944
1210,0.00032986182719207946,-0.0028917345549811513,0.010890876918228543,0.013066549505269504,561.4404235839844,588.1069213867188,10.790703725142205,0,1,0.017908502022889516,0.0,0.017908502022889516,1.0753455350137566,1.2426075355382398
1211,0.017908502022889516,0.00032986182719207946,-0.0028917345549811513,0.013083380130569335,563.5611572265625,588.041142578125,10.144658977214249,0,0,0.0024038545877420603,0.0,0.0024038545877420603,1.0753455350137566,1.2455945833633062
1212,0.0024038545877420603,0.017908502022889516,0.00032986182719207946,0.013261816764749537,564.7007751464844,587.8200170898438,9.876005192732764,0,0,-0.011938266525687413,-0.0,-0.011938266525687413,1.0753455350137566,1.2307243432441626
1213,-0.011938266525687413,0.0024038545877420603,0.017908502022889516,0.013251421447982723,566.4321594238281,587.5527392578125,9.464239674211537,0,0,-0.0026557092004866334,-0.0,-0.0026557092004866334,1.0753455350137566,1.2274558972825462
1214,-0.0026557092004866334,-0.011938266525687413,0.0024038545877420603,0.013500085159460898,565.8859558105469,586.8458947753907,8.874313963111117,0,1,-0.020138328985595644,-0.0,-0.020138328985595644,1.0753455350137566,1.2027369866077608
1215,-0.020138328985595644,-0.0026557092004866334,-0.011938266525687413,0.01304472111968072,565.2800537109375,586.2363830566406,9.00831516812348,0,1,0.0067128130226792315,0.0,0.0067128130226792315,1.0753455350137566,1.2108107351143194
1216,0.0067128130226792315,-0.020138328985595644,-0.0026557092004866334,0.01263376475824404,565.443310546875,585.5400268554688,8.998906525849236,0,1,0.0028244266313557365,0.0,0.0028244266313557365,1.0753455350137566,1.2142305812001077
1217,0.0028244266313557365,0.0067128130226792315,-0.020138328985595644,0.012524707786048873,565.3524047851563,584.8056005859376,9.228069021210413,0,0,0.006328411525621025,0.0,0.006328411525621025,1.0753455350137566,1.221914732004936
1218,0.006328411525621025,0.0028244266313557365,0.0067128130226792315,0.016095734743709667,562.6430053710938,583.447177734375,10.331441313359042,0,0,-0.04928081620084812,-0.0,-0.04928081620084812,1.0753455350137566,1.161697776683892
1219,-0.04928081620084812,0.006328411525621025,0.0028244266313557365,0.019893463221876722,556.7730072021484,581.3943524169922,12.067301485818072,0,0,-0.058542971330535654,-0.0,-0.058542971330535654,1.0753455350137566,1.09368853704874
1220,-0.058542971330535654,-0.04928081620084812,0.006328411525621025,0.019750004349551535,549.8030059814453,579.3590216064454,14.446174225990932,0,0,-0.0017811785518102585,-0.0,-0.0017811785518102585,1.0753455350137566,1.0917404824841879
1221,-0.0017811785518102585,-0.058542971330535654,-0.04928081620084812,0.019316149800464817,541.9050048828125,577.3371740722656,16.297585053557658,0,1,-0.0156627816725603,-0.0,-0.0156627816725603,1.0753455350137566,1.0746407896639425
1222,-0.0156627816725603,-0.0017811785518102585,-0.058542971330535654,0.030857726639370146,539.9080017089843,576.2554345703124,19.699290684291302,0,0,0.10501930183911301,0.0,0.10501930183911301,1.0753455350137566,1.1874988151222827
1223,0.10501930183911301,-0.0156627816725603,-0.0017811785518102585,0.03226191081784557,535.6580017089843,574.74693359375,22.016433715820323,0,1,-0.04381899719533322,-0.0,-0.04381899719533322,1.0753455350137566,1.135463807872978
1224,-0.04381899719533322,0.10501930183911301,-0.0156627816725603,0.03244968617837247,533.4860046386718,573.3612268066406,22.387143816266754,0,1,0.017842817199724692,0.0,0.017842817199724692,1.0753455350137566,1.1557236810337588
1225,0.017842817199724692,-0.04381899719533322,0.10501930183911301,0.032172719722950285,531.4590026855469,572.1433264160156,22.937149047851573,0,0,0.009701450822369617,0.0,0.009701450822369617,1.0753455350137566,1.1669358774895557
1226,0.009701450822369617,0.017842817199724692,-0.04381899719533322,0.032105229111586496,529.1230041503907,570.9759826660156,22.74286106654577,0,0,-0.0028008788011967267,-0.0,-0.0028008788011967267,1.0753455350137566,1.1636674315279394
1227,-0.0028008788011967267,0.009701450822369617,0.017842817199724692,0.03235898270151661,525.2369995117188,569.4896789550781,23.574290684291306,0,1,-0.02222803246337901,-0.0,-0.02222803246337901,1.0753455350137566,1.1378013940833596
1228,-0.02222803246337901,-0.0028008788011967267,0.009701450822369617,0.03222930759385708,524.2079956054688,567.9697229003906,23.235004970005594,0,0,0.001426777837987947,0.0,0.001426777837987947,1.0753455350137566,1.1394247838964695
1229,0.001426777837987947,-0.02222803246337901,-0.0028008788011967267,0.03254995007908507,525.0679962158204,566.1572924804688,23.52857317243305,0,1,-0.023802680232045126,-0.0,-0.023802680232045126,1.0753455350137566,1.1123034201169146
1230,-0.023802680232045126,0.001426777837987947,-0.02222803246337901,0.033193643671523665,527.3549957275391,564.7229284667969,23.96857125418528,0,1,0.02601773758493775,0.0,0.02601773758493775,1.0753455350137566,1.1412430386163452
1231,0.02601773758493775,-0.023802680232045126,0.001426777837987947,0.03312287801567121,531.2489929199219,563.3706103515625,24.366428920200907,0,1,0.015495463082325855,0.0,0.015495463082325855,1.0753455350137566,1.1589271279891862
1232,0.015495463082325855,0.02601773758493775,-0.023802680232045126,0.03351699271756418,531.0559936523438,562.2345190429687,23.23714338030135,0,1,0.02104893334386637,0.0,0.02104893334386637,1.0753455350137566,1.1833213078566291
1233,0.02104893334386637,0.015495463082325855,0.02601773758493775,0.03349134204894955,533.6619934082031,561.2163110351562,21.50285557338171,0,1,0.00722532365580375,0.0,0.00722532365580375,1.0753455350137566,1.1918711872947023
1234,0.00722532365580375,0.02104893334386637,0.015495463082325855,0.033490406979591165,535.3529907226563,560.0752844238282,19.15713936941965,0,1,0.00038130345037501456,0.0,0.00038130345037501456,1.0753455350137566,1.1923256518908203
1235,0.00038130345037501456,0.00722532365580375,0.02104893334386637,0.033225288676115905,536.8729919433594,559.0042565917969,17.0914284842355,0,1,0.006299413437552026,0.0,0.006299413437552026,1.0753455350137566,1.1998366041242794
1236,0.006299413437552026,0.00038130345037501456,0.00722532365580375,0.03319386122688927,538.5659912109375,557.9019360351563,14.19357081821987,0,1,0.000396829809890642,0.0,0.000396829809890642,1.0753455350137566,1.2003127350557938
1237,0.000396829809890642,0.006299413437552026,0.00038130345037501456,0.03322437527482867,541.8469909667969,556.849501953125,12.067145211356026,0,1,0.007086942026725218,0.0,0.007086942026725218,1.0753455350137566,1.2088192818230743
1238,0.007086942026725218,0.000396829809890642,0.006299413437552026,0.03335331952726093,545.8819946289062,556.0137145996093,11.606434413364955,0,0,0.014844198430334021,0.0,0.014844198430334021,1.0753455350137566,1.22676323510887
1239,0.014844198430334021,0.007086942026725218,0.000396829809890642,0.03138566567276709,550.8449951171875,555.3211010742187,11.223573957170759,0,0,-0.005734349537724115,-0.0,-0.005734349537724115,1.0753455350137566,1.2197285459187266
1240,-0.005734349537724115,0.014844198430334021,0.007086942026725218,0.028235317193373747,553.9999938964844,554.5887231445313,11.232860020228795,0,1,-0.008358364343191038,-0.0,-0.008358364343191038,1.0753455350137566,1.2095336103321472
1241,-0.008358364343191038,-0.005734349537724115,0.014844198430334021,0.02819179912228345,556.572998046875,553.962568359375,10.531430925641741,0,1,0.0042055058561747405,0.0,0.0042055058561747405,1.0753455350137566,1.2146203110136393
1242,0.0042055058561747405,-0.008358364343191038,-0.005734349537724115,0.02777357035204662,558.4099975585938,553.4086315917968,10.667142595563616,0,0,0.0069677857514378605,0.0,0.0069677857514378605,1.0753455350137566,1.223083525110127
1243,0.0069677857514378605,0.0042055058561747405,-0.008358364343191038,0.016203468240848683,559.7799987792969,553.0295263671875,9.72357177734375,0,1,-0.0012741491279434358,-0.0,-0.0012741491279434358,1.0753455350137566,1.221525134303206
1244,-0.0012741491279434358,0.0069677857514378605,0.0042055058561747405,0.013991681857610351,562.9940002441406,552.8413671875,9.954999651227679,0,1,0.03304738719814848,0.0,0.03304738719814848,1.0753455350137566,1.2618933483887944
1245,0.03304738719814848,-0.0012741491279434358,0.0069677857514378605,0.01369297039173506,566.2460021972656,552.9377844238281,9.102142333984375,0,1,0.006603949785734642,0.0,0.006603949785734642,1.0753455350137566,1.2702268286965066
1246,0.006603949785734642,0.03304738719814848,-0.0012741491279434358,0.013659321000284561,569.5510070800781,553.1869873046875,8.489998953683036,0,1,0.0012780314322096142,0.0,0.0012780314322096142,1.0753455350137566,1.2718502185096168
1247,0.0012780314322096142,0.006603949785734642,0.03304738719814848,0.013565098340535328,572.7500122070312,553.3699621582032,8.383571079799108,0,1,0.004884349607746863,0.0,0.004884349607746863,1.0753455350137566,1.278062379625507
1248,0.004884349607746863,0.0012780314322096142,0.006603949785734642,0.012097100327954798,575.4940124511719,553.8341149902344,8.147142682756696,0,1,0.00633402786844095,0.0,0.00633402786844095,1.0753455350137566,1.286157662355661
1249,0.00633402786844095,0.004884349607746863,0.0012780314322096142,0.012103503397628054,578.6280090332032,554.2472607421874,8.185712541852679,0,0,0.0010938461217664397,0.0,0.0010938461217664397,1.0753455350137566,1.287564520926609
1250,0.0010938461217664397,0.00633402786844095,0.004884349607746863,0.010279259624637568,582.0330078125,554.9262854003906,7.489283970424107,0,0,-0.0033621922872737464,-0.0,-0.0033621922872737464,1.0753455350137566,1.2832354814249822
1251,-0.0033621922872737464,0.0010938461217664397,0.00633402786844095,0.010541961326567689,584.20400390625,555.4984313964844,7.596422467912946,0,1,-0.016850789652983478,-0.0,-0.016850789652983478,1.0753455350137566,1.261611950252245
1252,-0.016850789652983478,-0.0033621922872737464,0.0010938461217664397,0.010290733782184747,586.0070068359375,556.0163549804688,7.260707310267857,0,0,0.00039467712604679406,0.0,0.00039467712604679406,1.0753455350137566,1.2621098796309567
1253,0.00039467712604679406,-0.016850789652983478,-0.0033621922872737464,0.009783112469607308,587.4840026855469,556.6032312011719,7.434282575334821,0,1,-0.006825775301577575,-0.0,-0.006825775301577575,1.0753455350137566,1.2534950011866945
1254,-0.006825775301577575,0.00039467712604679406,-0.016850789652983478,0.010511209126133668,588.3000061035157,557.2037915039062,7.886426653180804,0,0,0.02079059136787431,0.0,0.02079059136787431,1.0753455350137566,1.2795559035380402
1255,0.02079059136787431,-0.006825775301577575,0.00039467712604679406,0.010685575313056337,588.3890014648438,557.6494104003906,7.743569510323661,0,1,-0.005785407771406903,-0.0,-0.005785407771406903,1.0753455350137566,1.2721531508697617
1256,-0.005785407771406903,0.02079059136787431,-0.006825775301577575,0.010663157585806226,588.6349975585938,558.263662109375,7.59857177734375,0,0,0.003947403401760141,0.0,0.003947403401760141,1.0753455350137566,1.2771748525450648
1257,0.003947403401760141,-0.005785407771406903,0.02079059136787431,0.010686986508856983,588.5279968261718,558.742880859375,7.823573521205357,0,0,-0.0011185037847383228,-0.0,-0.0011185037847383228,1.0753455350137566,1.2757463276387204
