Date,Lag_1,Lag_2,Lag_3,Rolling Volatility,MA_10,MA_50,ATR_14,Predicted_RF,Actual,Correct,Daily Return,Strategy Return,SPY Return,Strategy Cumulative,SPY Cumulative
2023-10-09,-0.0016464363911111723,0.0032093630039637944,0.013790092185911762,0.004479239306371567,455.24891967773436,434.24767639160154,3.930564375100983,1,1,1,0.006402218086740907,0.006402218086740907,0.006402218086740907,1.006402218086741,1.006402218086741
2023-10-10,0.005624990215469694,-0.0016464363911111723,0.0032093630039637944,0.0045380579407898495,457.2259094238281,435.1197448730469,3.8494709498672455,0,0,1,0.005204777259986582,0.0,0.005204777259986582,1.006402218086741,1.0116403174658388
2023-10-11,0.0060809198830675815,0.005624990215469694,-0.0016464363911111723,0.005648493508270977,458.73557739257814,435.8181518554687,4.178095942228326,1,1,1,0.00409637370103022,0.00409637370103022,0.00409637370103022,1.01052481766557,1.0157843742572077
2023-10-12,-0.013857347763247319,0.0060809198830675815,0.005624990215469694,0.005823236178943062,460.3421142578125,436.5690692138672,4.1955465131296625,0,1,0,-0.0060966278814016395,-0.0,-0.0060966278814016395,1.01052481766557,1.009591514919619
2023-10-13,0.009482012195566103,-0.013857347763247319,0.0060809198830675815,0.0058109944169699055,461.84902038574216,437.39084777832034,4.119559570141218,0,1,0,-0.004980822065692836,-0.0,-0.004980822065692836,1.01052481766557,1.0045629192247711
2023-10-16,0.0020096546321743958,0.009482012195566103,-0.013857347763247319,0.00581754732806698,463.3773132324219,438.29435363769534,4.135094800824037,1,1,1,0.010521528078604847,0.010521528078604847,0.010521528078604847,1.0211570829087653,1.01513245618612
2023-10-17,0.004222466261702085,0.0020096546321743958,0.009482012195566103,0.005743377088766888,464.7833953857422,439.1257702636719,3.9423180017304804,1,1,1,-4.590202366527851e-05,-4.590202366527851e-05,-4.590202366527851e-05,1.0211102097321796,1.0150858595520926
2023-10-18,0.0018081089393946481,0.004222466261702085,0.0020096546321743958,0.005752789190577081,465.5797393798828,439.96112243652345,3.7431031849070644,0,0,1,-0.01332504822075442,-0.0,-0.01332504822075442,1.0211102097321796,1.0015597915253551
2023-10-19,0.00037767667363475255,0.0018081089393946481,0.004222466261702085,0.00583192551486906,466.0922027587891,440.88322875976564,3.7574678016295757,0,0,1,-0.008786464231748004,-0.0,-0.008786464231748004,1.0211102097321796,0.9927596222411607
2023-10-20,-0.0028948832587207818,0.00037767667363475255,0.0018081089393946481,0.00606703575954404,466.41901245117185,441.8270849609375,3.9072964363906033,0,0,1,-0.012287939122447078,-0.0,-0.012287939122447078,1.0211102097321796,0.9805606524398377
2023-10-23,-0.00559635622753385,-0.0028948832587207818,0.00037767667363475255,0.006369162467286109,466.1059814453125,442.79769226074217,3.9701926568169363,0,0,1,-0.0017332751658021284,-0.0,-0.0017332751658021284,1.0211102097321796,0.9788610710124009
2023-10-24,-0.00816671785022216,-0.00559635622753385,-0.0028948832587207818,0.0062811211951012405,465.36179504394534,443.75288635253906,3.778725257376684,0,1,0,0.007539397514491286,0.0,0.007539397514491286,1.0211102097321796,0.9862410937382241
2023-10-25,-0.003221024895124658,-0.00816671785022216,-0.00559635622753385,0.006271700149001792,465.3283264160156,444.6585223388672,3.7469502984736494,1,1,1,-0.014352194513548966,-0.014352194513548966,-0.014352194513548966,1.0064550373823327,0.9720863697236378
2023-10-26,0.0013695741827139951,-0.003221024895124658,-0.00816671785022216,0.006737286073126472,465.5153533935547,445.8148876953125,3.9972610385998615,0,0,1,-0.01197464576804752,-0.0,-0.01197464576804752,1.0064550373823327,0.96044597979025
2023-10-27,0.014275954930995205,0.0013695741827139951,-0.003221024895124658,0.006667392219211897,465.5379913330078,447.05511779785155,3.99233915302781,0,1,0,-0.0045326266802873105,-0.0,-0.0045326266802873105,1.0064550373823327,0.9560926367172781
2023-10-30,-0.0015171130680690093,0.014275954930995205,0.0013695741827139951,0.00669915612971034,465.62757263183596,448.3847766113281,4.036635156914323,0,0,1,0.011955608073436874,0.0,0.011955608073436874,1.0064550373823327,0.9675233055637688
2023-10-31,0.005655506777161312,-0.0015171130680690093,0.014275954930995205,0.0067008268575073,465.6118225097656,449.61402709960936,3.8805415053908234,0,1,0,0.0062803696317725866,0.0,0.0062803696317725866,1.0064550373823327,0.9735997095500637
2023-11-01,-0.0004406741312380502,0.005655506777161312,-0.0015171130680690093,0.006670422088337787,465.61083984375,450.79859619140626,3.785616168893447,0,0,1,0.010664701646262875,0.0,0.010664701646262875,1.0064550373823327,0.9839828599753033
2023-11-02,0.0006927374316219037,-0.0004406741312380502,0.005655506777161312,0.006126439933802644,465.57343139648435,451.86126098632815,3.781397720403492,0,0,1,0.01916431824266085,0.0,0.01916431824266085,1.0064550373823327,1.0028402206491935
2023-11-03,-0.0036712300578318757,0.0006927374316219037,-0.0004406741312380502,0.006241492379207754,465.5379943847656,452.7131268310547,3.9311650421471995,0,1,0,0.009123405450875977,0.0,0.009123405450875977,1.0064550373823327,1.011989538584622
2023-11-06,-0.005558665280617658,-0.0036712300578318757,0.0006927374316219037,0.006500607543451692,466.29595947265625,453.5706201171875,4.142101305794922,0,1,0,0.0023005104217217465,0.0,0.0023005104217217465,1.0064550373823327,1.0143176310648094
2023-11-07,0.008892771972480062,-0.005558665280617658,-0.0036712300578318757,0.00691574786240423,467.7872833251953,454.52544921875,4.4894480687485565,0,1,0,0.00284606832693024,0.0,0.00284606832693024,1.0064550373823327,1.0172044483480298
2023-11-08,0.012466196354320225,0.008892771972480062,-0.005558665280617658,0.006825543924784665,469.31602478027344,455.4760473632812,4.423359213740972,0,1,0,0.0007322952015251794,0.0,0.0007322952015251794,1.0064550373823327,1.0179493422845252
2023-11-09,0.0021144837704181185,0.012466196354320225,0.008892771972480062,0.005938768419760239,470.32599487304685,456.4481298828125,4.240544313961919,1,1,1,-0.007798693639794685,-0.007798693639794685,-0.007798693639794685,0.9986060028835597,1.0100106672232176
2023-11-10,0.0029164143551534405,0.0021144837704181185,0.012466196354320225,0.005663262867608445,471.4590118408203,457.49750915527346,4.200463381156022,1,1,1,0.015604824996305,0.015604824996305,0.015604824996305,1.0141890747988174,1.0257717069296373
2023-11-13,0.0010930566890721138,0.0029164143551534405,0.0021144837704181185,0.005734423804287479,472.5880889892578,458.46611755371094,4.130854276077331,0,0,1,-0.0009532380669859952,-0.0,-0.0009532380669859952,1.0141890747988174,1.0247939022905548
2023-11-14,0.005438941469424918,0.0010930566890721138,0.0029164143551534405,0.005726467478740122,473.6768096923828,459.4307556152344,4.030305901476851,0,1,0,0.019400883277758796,0.0,0.019400883277758796,1.0141890747988174,1.0446758091726527
2023-11-15,-0.001270369312329267,0.005438941469424918,0.0010930566890721138,0.00591229360670707,475.11301574707034,460.30393371582034,3.8488999692833334,0,0,1,0.0021169172047230678,0.0,0.0021169172047230678,1.0141890747988174,1.0468873013664484
2023-11-16,0.007919408625469249,-0.001270369312329267,0.005438941469424918,0.005928245542284742,476.68408203125,461.15100463867185,3.703354902843269,0,0,1,0.0012230821046039786,0.0,0.0012230821046039786,1.0141890747988174,1.0481677304902868
2023-11-17,-0.0007734885215805454,0.007919408625469249,-0.001270369312329267,0.0070362486112403476,477.7265350341797,461.82959411621096,4.016246923753552,1,1,1,0.0012439193692459494,0.0012439193692459494,0.0012439193692459494,1.0154506442330373,1.049471566632462
2023-11-20,-0.016317345339801337,-0.0007734885215805454,0.007919408625469249,0.007363845847556881,478.97768249511716,462.6216278076172,4.050703795443179,0,1,0,0.007697512048099542,0.0,0.007697512048099542,1.0154506442330373,1.0575498866607533
2023-11-21,0.013088220858036959,-0.016317345339801337,-0.0007734885215805454,0.0072447278029121554,480.15105590820315,463.44701171875,4.29538524588993,0,0,1,-0.0021794058379845938,-0.0,-0.0021794058379845938,1.0154506442330373,1.055245056263805
2023-11-22,0.010527249705633013,0.013088220858036959,-0.016317345339801337,0.007262033606524392,481.0468322753906,464.2563714599609,4.3326506466728985,1,1,1,0.003860833635154215,0.003860833635154215,0.003860833635154215,1.0193711302351312,1.0593191818703585
2023-11-24,-0.0036410360738444725,0.010527249705633013,0.013088220858036959,0.007257424785282839,481.9445831298828,465.0595703125,4.136481053729718,0,1,0,0.0006154123159900493,0.0,0.0006154123159900493,1.0193711302351312,1.059971099941446
2023-11-27,0.002903256404318988,-0.0036410360738444725,0.010527249705633013,0.006886437777221012,483.1957244873047,465.9383905029297,4.121012333126511,0,1,0,-0.001800936060138092,-0.0,-0.001800936060138092,1.0193711302351312,1.0580621597648572
2023-11-28,0.00834038176573415,0.002903256404318988,-0.0036410360738444725,0.006844912907687011,484.2086456298828,466.8376196289062,3.784915823367957,1,1,1,0.0009900348590896613,0.0009900348590896613,0.0009900348590896613,1.0203803431884135,1.059109678186108
2023-11-29,0.00044165891720004957,0.00834038176573415,0.002903256404318988,0.006847894084165111,485.56609497070315,467.78472595214845,3.822877252166677,0,0,1,-0.0007033208664195545,-0.0,-0.0007033208664195545,1.0203803431884135,1.0583647842496129
2023-11-30,0.0057794075113446475,0.00044165891720004957,0.00834038176573415,0.006847857532389746,486.5219207763672,468.73377502441406,3.896004910853374,0,0,1,0.003937438649769032,0.0,0.003937438649769032,1.0203803431884135,1.0625320306566717
2023-12-01,-0.00043892720154825593,0.0057794075113446475,0.00044165891720004957,0.007704861064444294,486.8359344482422,469.51188232421873,4.342490693591352,0,1,0,0.005915833644621893,0.0,0.005915833644621893,1.0203803431884135,1.0688177933921188
2023-12-04,-0.013772994544293704,-0.00043892720154825593,0.0057794075113446475,0.007759921039071567,488.3804168701172,470.32544494628905,4.488036329832312,0,1,0,-0.005249402735767128,-0.0,-0.005249402735767128,1.0203803431884135,1.0632071383434496
2023-12-05,0.009087578938808516,-0.013772994544293704,-0.00043892720154825593,0.007600081586990478,489.6413970947266,471.25398803710937,4.561866526962242,0,0,1,-0.00019698063448625458,-0.0,-0.00019698063448625458,1.0203803431884135,1.0629977071267485
2023-12-06,0.006899762881861227,0.009087578938808516,-0.013772994544293704,0.007659278972648543,490.1493377685547,472.1350762939453,4.552725552542378,1,0,0,-0.004029899779822266,-0.004029899779822266,-0.004029899779822266,1.0162683126680636,1.0587139329008468
2023-12-07,-0.004979985571381129,0.006899762881861227,0.009087578938808516,0.007465472351189123,490.5637573242187,472.9981036376953,4.802334007562536,0,1,0,0.0076303827169872385,0.0,0.0076303827169872385,1.0162683126680636,1.0667923253966871
2023-12-08,-0.005505400945793881,-0.004979985571381129,0.006899762881861227,0.0074645212959859285,490.88170471191404,473.8019500732422,4.505612462921911,0,1,0,0.004299242318744678,0.0,0.004299242318744678,1.0162683126680636,1.0713787241073447
2023-12-11,0.0009057960839202739,-0.005505400945793881,-0.004979985571381129,0.008575057595891264,491.80701599121096,474.7697528076172,4.852251719358959,0,1,0,0.0038894756617766646,0.0,0.0038894756617766646,1.0162683126680636,1.0755458255793056
2023-12-12,0.020695551087829722,0.0009057960839202739,-0.005505400945793881,0.008578137654019291,492.7451232910156,475.7093487548828,4.583664304521152,0,0,1,0.004567316082097594,0.0,0.004567316082097594,1.0162683126680636,1.080458183325507
2023-12-13,0.0006896192359844289,0.020695551087829722,0.0009057960839202739,0.00863557768803334,493.2166381835938,476.5709521484375,4.495072083385488,0,1,0,0.013790092185911762,0.0,0.013790092185911762,1.0162683126680636,1.0953578012765883
2023-12-14,-0.0036624929370219217,0.0006896192359844289,0.020695551087829722,0.008607664169676147,493.8023406982422,477.3255712890625,4.504914705653688,0,0,1,0.0032093630039637944,0.0,0.0032093630039637944,1.0162683126680636,1.0988732020801086
2023-12-15,0.001857768266492199,-0.0036624929370219217,0.0006896192359844289,0.008520692278387382,495.0013061523438,478.0373913574219,4.323512805442233,0,1,0,-0.0016464363911111723,-0.0,-0.0016464363911111723,1.0162683126680636,1.0970639772509871
2023-12-18,-0.001321712230125227,0.001857768266492199,-0.0036624929370219217,0.008516588234139,495.93744506835935,478.80028076171874,4.530231514852594,0,1,0,0.005624990215469694,0.0,0.005624990215469694,1.0162683126680636,1.1032349513887683
2023-12-19,0.0035949994810136054,-0.001321712230125227,0.001857768266492199,0.007599207359213903,497.00450439453124,479.60510498046875,4.662420825736133,0,0,1,0.0060809198830675815,0.0,0.0060809198830675815,1.0162683126680636,1.1099436347403633
2023-12-20,0.009388288000734102,0.0035949994810136054,-0.001321712230125227,0.007271037586946394,498.2635162353516,480.34259765625,4.587889828922057,0,0,1,-0.013857347763247319,-0.0,-0.013857347763247319,1.0162683126680636,1.0945627597961634
2023-12-21,-0.0010724515658844247,0.009388288000734102,0.0035949994810136054,0.007475526205473077,499.2892303466797,481.1088342285156,4.3860947574851865,0,1,0,0.009482012195566103,0.0,0.009482012195566103,1.0162683126680636,1.1049414172333631
2023-12-22,-0.00999417176594286,-0.0010724515658844247,0.009388288000734102,0.007432206716841383,500.5236389160156,481.8382550048828,4.379067204654798,0,1,0,0.0020096546321743958,0.0,0.0020096546321743958,1.0162683126680636,1.1071619678707876
2023-12-26,0.005067306128885951,-0.00999417176594286,-0.0010724515658844247,0.007645793961916827,501.243212890625,482.6485913085937,4.555548790641934,0,0,1,0.004222466261702085,0.0,0.004222466261702085,1.0162683126680636,1.1118369219263617
2023-12-27,0.009926362077153916,0.005067306128885951,-0.00999417176594286,0.007691235379833012,501.62416381835936,483.3587188720703,4.764374604619937,0,0,1,0.0018081089393946481,0.0,0.0018081089393946481,1.0162683126680636,1.113847244204046
2023-12-28,-0.006002218636705026,0.009926362077153916,0.005067306128885951,0.007703845026627966,502.1448974609375,484.0432525634766,4.646250036445967,0,1,0,0.00037767667363475255,0.0,0.00037767667363475255,1.0162683126680636,1.1142679183261741
2023-12-29,-0.0008598074084719132,-0.006002218636705026,0.009926362077153916,0.007923581898581136,503.1145050048828,484.8325244140625,4.836798236222372,0,0,1,-0.0028948832587207818,-0.0,-0.0028948832587207818,1.0162683126680636,1.111042242783682
2024-01-02,0.010757326506518616,-0.0008598074084719132,-0.006002218636705026,0.007941115545801123,504.07033081054686,485.6330169677734,4.240546274648827,0,0,1,-0.00559635622753385,-0.0,-0.00559635622753385,1.0162683126680636,1.1048244546092263
2024-01-03,-0.0015674381756383138,0.010757326506518616,-0.0008598074084719132,0.007193612026647681,504.74659729003906,486.4657977294922,4.40085852480995,1,0,0,-0.00816671785022216,-0.00816671785022216,-0.00816671785022216,1.0079687360983822,1.0958016650144071
2024-01-04,-0.001976794000640436,-0.0015674381756383138,0.010757326506518616,0.007249527297159965,504.6052490234375,487.3049584960938,4.566881976843068,0,1,0,-0.003221024895124658,-0.0,-0.003221024895124658,1.0079687360983822,1.0922720605712766
2024-01-05,-0.006866559784614368,-0.001976794000640436,-0.0015674381756383138,0.007215086155840362,504.8172302246094,488.23368469238284,4.795925230898661,0,1,0,0.0013695741827139951,0.0,0.0013695741827139951,1.0079687360983822,1.093768008185935
2024-01-08,0.005943081887870294,-0.006866559784614368,-0.001976794000640436,0.00713035254908821,505.81463623046875,489.20609619140623,5.001598463252764,0,1,0,0.014275954930995205,0.0,0.014275954930995205,1.0079687360983822,1.1093825909757618
2024-01-09,0.0055571849742859225,0.005943081887870294,-0.006866559784614368,0.007112492884618932,507.0300567626953,490.1411956787109,5.083667617585133,1,1,1,-0.0015171130680690093,-0.0015171130680690093,-0.0015171130680690093,1.0064395335566423,1.1076995321495042
2024-01-10,0.009249323251675934,0.0055571849742859225,0.005943081887870294,0.007106629119417159,507.91722412109374,491.12443786621094,4.973363443096807,0,0,1,0.005655506777161312,0.0,0.005655506777161312,1.0064395335566423,1.1139641343606341
2024-01-11,0.0033046038097594987,0.009249323251675934,0.0055571849742859225,0.005807206605152643,509.01080322265625,492.03536499023437,4.934346920889952,1,0,0,-0.0004406741312380502,-0.0004406741312380502,-0.0004406741312380502,1.0059960216895485,1.1134732391834945
2024-01-12,-0.0018959068203877605,0.0033046038097594987,0.009249323251675934,0.00587777492390177,510.00550537109376,492.9219891357422,4.527587733971286,0,0,1,0.0006927374316219037,0.0,0.0006927374316219037,1.0059960216895485,1.1142445837753863
2024-01-16,-0.0027627483891181637,-0.0018959068203877605,0.0033046038097594987,0.005814614753154647,510.3640075683594,493.78315795898436,4.408044605742617,0,1,0,-0.0036712300578318757,-0.0,-0.0036712300578318757,1.0059960216895485,1.1101539355676537
2024-01-17,-0.0018469745163658402,-0.0027627483891181637,-0.0018959068203877605,0.0060148708096831715,511.23276977539064,494.7648846435547,4.2866686084957655,0,0,1,-0.005558665280617658,-0.0,-0.005558665280617658,1.0059960216895485,1.1039829614298728
2024-01-18,0.008403908996592158,-0.0018469745163658402,-0.0027627483891181637,0.005991788025801377,512.1920654296875,495.7966119384766,3.917224378888347,0,0,1,0.008892771972480062,0.0,0.008892771972480062,1.0059960216895485,1.1138004301673718
2024-01-19,-0.00019104683861193017,0.008403908996592158,-0.0018469745163658402,0.006021417034968591,513.4095611572266,496.7276788330078,3.920080761822269,1,0,0,0.012466196354320225,0.012466196354320225,0.012466196354320225,1.0185369656275953,1.1276852850293646
2024-01-22,-0.0017399574298924136,-0.00019104683861193017,0.008403908996592158,0.005965931251871497,514.0000549316406,497.4762390136719,3.8622512418635284,0,1,0,0.0021144837704181185,0.0,0.0021144837704181185,1.0185369656275953,1.1300697572626985
2024-01-23,-0.006357936595122515,-0.0017399574298924136,-0.00019104683861193017,0.00595215048513489,514.3653991699218,498.2159710693359,3.896720689275859,0,0,1,0.0029164143551534405,0.0,0.0029164143551534405,1.0185369656275953,1.1333655089251042
2024-01-24,0.0010984241663800631,-0.006357936595122515,-0.0017399574298924136,0.006168739634354486,513.6337127685547,498.8027392578125,4.306959035015642,0,1,0,0.0010930566890721138,0.0,0.0010930566890721138,1.0185369656275953,1.1346043416757985
2024-01-25,-0.012206084852630528,0.0010984241663800631,-0.006357936595122515,0.006463147186936589,513.2614501953125,499.48492553710935,4.457542451397095,0,1,0,0.005438941469424918,0.0,0.005438941469424918,1.0185369656275953,1.1407753882811285
2024-01-26,0.010446847473966736,-0.012206084852630528,0.0010984241663800631,0.006128859532295141,513.015576171875,500.1208624267578,4.220560155672031,0,1,0,-0.001270369312329267,-0.0,-0.001270369312329267,1.0185369656275953,1.1393261822355956
2024-01-29,0.0005592444732953616,0.010446847473966736,-0.012206084852630528,0.005943895183235373,512.971142578125,500.7808557128906,4.327768450532675,0,0,1,0.007919408625469249,0.0,0.007919408625469249,1.0185369656275953,1.1483489718304152
2024-01-30,0.001156829938015136,0.0005592444732953616,0.010446847473966736,0.006395315630442467,512.5080383300781,501.2621624755859,4.446964574765766,0,1,0,-0.0007734885215805454,-0.0,-0.0007734885215805454,1.0185369656275953,1.1474607370819356
2024-01-31,-0.010013084401591321,0.001156829938015136,0.0005592444732953616,0.006170552492872782,511.99753723144534,501.82757568359375,4.7128667553002686,0,0,1,-0.016317345339801337,-0.0,-0.016317345339801337,1.0185369656275953,1.1287372239711067
2024-02-01,0.007546936386148673,-0.010013084401591321,0.001156829938015136,0.006889345361064433,510.7908905029297,502.40948303222655,5.226332572147413,0,0,1,0.013088220858036959,0.0,0.013088220858036959,1.0185369656275953,1.143510386049128
2024-02-02,-0.013803104381401532,0.007546936386148673,-0.010013084401591321,0.007384377963357918,509.0421569824219,502.7405737304687,5.940104844717723,0,0,1,0.010527249705633013,0.0,0.010527249705633013,1.0185369656275953,1.155548405424052
2024-02-05,-0.012528103367394627,-0.013803104381401532,0.007546936386148673,0.007258390560683601,507.5303894042969,502.9521057128906,6.018395254727137,0,0,1,-0.0036410360738444725,-0.0,-0.0036410360738444725,1.0185369656275953,1.1513410119948295
2024-02-06,-0.0018238485428235807,-0.012528103367394627,-0.013803104381401532,0.007187645671230583,505.6680908203125,503.1402227783203,6.208824069166042,0,0,1,0.002903256404318988,0.0,0.002903256404318988,1.0185369656275953,1.1546836501614586
2024-02-07,-0.0059182522306534535,-0.0018238485428235807,-0.012528103367394627,0.007023536744400267,504.3301208496094,503.2798468017578,6.472613227292486,0,0,1,0.00834038176573415,0.0,0.00834038176573415,1.0185369656275953,1.1643141526224565
2024-02-08,-0.002057621045539415,-0.0059182522306534535,-0.0018238485428235807,0.006738399179634507,502.03236999511716,503.2522546386719,6.697604821390712,0,1,0,0.00044165891720004957,0.0,0.00044165891720004957,1.0185369656275953,1.1648283823503844
2024-02-09,-0.008728380517372125,-0.002057621045539415,-0.0059182522306534535,0.007099657697225006,500.15625915527346,503.3103851318359,6.806228805293212,0,1,0,0.0057794075113446475,0.0,0.0057794075113446475,1.0185369656275953,1.1715604002527678
2024-02-12,0.009209130985944558,-0.008728380517372125,-0.002057621045539415,0.0077241791691894665,498.8064422607422,503.4289251708984,7.037567896893656,0,0,1,-0.00043892720154825593,-0.0,-0.00043892720154825593,1.0185369656275953,1.17104617052484
2024-02-13,0.011866633467404464,0.009209130985944558,-0.008728380517372125,0.007720335969584394,497.94638977050784,503.54705627441405,6.553021018704238,1,0,0,-0.013772994544293704,-0.013772994544293704,-0.013772994544293704,1.004508661556845,1.1549173580070855
2024-02-14,-0.00047466808989682363,0.011866633467404464,0.009209130985944558,0.007738917435909132,496.513623046875,503.7631134033203,6.591815116420422,0,1,0,0.009087578938808516,0.0,0.009087578938808516,1.004508661556845,1.1654127606657751
2024-02-15,-0.003798903452181035,-0.00047466808989682363,0.011866633467404464,0.007809876277051339,496.25787963867185,503.9849755859375,6.880995149204957,0,1,0,0.006899762881861227,0.0,0.006899762881861227,1.004508661556845,1.1734538323738644
2024-02-16,0.009473933363026488,-0.003798903452181035,-0.00047466808989682363,0.007879656023884858,496.81182861328125,504.1746600341797,6.676453884471377,0,0,1,-0.004979985571381129,-0.0,-0.004979985571381129,1.004508661556845,1.1676100492199606
2024-02-20,0.003541486119242432,0.009473933363026488,-0.003798903452181035,0.00850664449027927,496.6587768554688,504.2539935302734,6.73640996116062,0,0,1,-0.005505400945793881,-0.0,-0.005505400945793881,1.004508661556845,1.1611818877506666
2024-02-21,-0.015841334467873835,0.003541486119242432,0.009473933363026488,0.008450949338507877,496.6390319824219,504.35527770996094,6.801301462436746,0,1,0,0.0009057960839202739,0.0,0.0009057960839202739,1.004508661556845,1.1622336817573102
2024-02-22,-0.0032471054646801,-0.015841334467873835,0.003541486119242432,0.008773104543528695,497.1831024169922,504.5401263427734,6.619331681668078,0,1,0,0.020695551087829722,0.0,0.020695551087829722,1.004508661556845,1.186286748294115
2024-02-23,0.009353393679748079,-0.0032471054646801,-0.015841334467873835,0.008885704275994895,498.775830078125,504.64601745605466,6.323103155189147,0,1,0,0.0006896192359844289,0.0,0.0006896192359844289,1.004508661556845,1.187104834455132
2024-02-26,0.012395381780769599,0.009353393679748079,-0.0032471054646801,0.008878595573357845,500.4396514892578,504.8492907714844,6.395746379807621,1,1,1,-0.0036624929370219217,-0.0036624929370219217,-0.0036624929370219217,1.0008296556787157,1.1827570713834354
2024-02-27,0.010326779962637644,0.012395381780769599,0.009353393679748079,0.008881512801130144,501.5742126464844,505.1004400634766,6.044501802087979,1,1,1,0.001857768266492199,0.001857768266492199,0.001857768266492199,1.0026889652532,1.1849543599376209
2024-02-28,0.0011034905276849916,0.010326779962637644,0.012395381780769599,0.008876977682892377,502.73740234375,505.3340686035156,5.835022772557092,0,1,0,-0.001321712230125227,-0.0,-0.001321712230125227,1.0026889652532,1.1833881912679511
2024-02-29,9.651771841179269e-05,0.0011034905276849916,0.010326779962637644,0.00866629009717162,504.3844360351562,505.6397393798828,5.6163765543931685,0,1,0,0.0035949994810136054,0.0,0.0035949994810136054,1.0026889652532,1.187642471201397
2024-03-01,0.00576194012128628,9.651771841179269e-05,0.0011034905276849916,0.008521599865969039,505.6266296386719,505.9228125,5.322262092772052,0,1,0,0.009388288000734102,0.0,0.009388288000734102,1.0026889652532,1.1987924007629394
2024-03-04,0.0012882399061335814,0.00576194012128628,9.651771841179269e-05,0.007887876216804807,506.69798889160154,506.11335693359376,5.0662346035311225,0,1,0,-0.0010724515658844247,-0.0,-0.0010724515658844247,1.0026889652532,1.1975067539755708
2024-03-05,0.00013422422138376078,0.0012882399061335814,0.00576194012128628,0.007285944733784026,508.8031951904297,506.36192932128904,4.997821713468885,0,1,0,-0.00999417176594286,-0.0,-0.00999417176594286,1.0026889652532,1.1855386657854623
2024-03-06,0.004588167308032354,0.00013422422138376078,0.0012882399061335814,0.0075884797332125935,511.70920715332034,506.8392730712891,4.917415178920834,0,0,1,0.005067306128885951,0.0,0.005067306128885951,1.0026889652532,1.1915461531326283
2024-03-07,0.012382949389534215,0.004588167308032354,0.00013422422138376078,0.00742050499267944,514.0454742431641,507.24449340820314,4.676905953178651,0,1,0,0.009926362077153916,0.0,0.009926362077153916,1.0026889652532,1.2033738716802627
2024-03-08,-0.002057443678150195,0.012382949389534215,0.004588167308032354,0.007348862554516713,515.8386474609375,507.5651043701172,4.58521663716026,0,1,0,-0.006002218636705026,-0.0,-0.006002218636705026,1.0026889652532,1.1961509586007395
2024-03-11,0.0014374743663070344,-0.002057443678150195,0.012382949389534215,0.00687483393383564,517.1707000732422,507.95859802246093,4.183894720529643,0,1,0,-0.0008598074084719132,-0.0,-0.0008598074084719132,1.0026889652532,1.1951224991448839
2024-03-12,0.0011522982161793482,0.0014374743663070344,-0.002057443678150195,0.006739816808207771,518.5748229980469,508.38642517089846,3.7698787412886565,0,0,1,0.010757326506518616,0.0,0.010757326506518616,1.0026889652532,1.207978822083472
2024-03-13,0.0024523748912728127,0.0011522982161793482,0.0014374743663070344,0.006529172952087354,519.82294921875,508.6757574462891,3.5893198776497,1,0,0,-0.0015674381756383138,-0.0015674381756383138,-0.0015674381756383138,1.0011173122907708,1.2060853899623758
2024-03-14,-0.0028792315286728654,0.0024523748912728127,0.0011522982161793482,0.006834482426782476,520.394677734375,508.90460876464846,3.6478617682850176,0,1,0,-0.001976794000640436,-0.0,-0.001976794000640436,1.0011173122907708,1.2037012075992382
2024-03-15,-0.007304319826777594,-0.0028792315286728654,0.0024523748912728127,0.006776239837700814,521.2438659667969,509.2222662353516,3.5766308028271885,0,1,0,-0.006866559784614368,-0.0,-0.006866559784614368,1.0011173122907708,1.1954359212944454
2024-03-18,0.006616500353154198,-0.007304319826777594,-0.0028792315286728654,0.006587294959164223,522.1226867675781,509.61684448242187,3.666912417969704,0,0,1,0.005943081887870294,0.0,0.005943081887870294,1.0011173122907708,1.2025404948664
2024-03-19,0.0006988639083373993,0.006616500353154198,-0.007304319826777594,0.0068601210259447345,522.399169921875,509.87831726074216,3.7966908203650456,0,0,1,0.0055571849742859225,0.0,0.0055571849742859225,1.0011173122907708,1.209223234835442
2024-03-20,-0.00700254196671779,0.0006988639083373993,0.006616500353154198,0.005927320350195719,521.6911804199219,510.0145819091797,3.886264806421918,0,1,0,0.009249323251675934,0.0,0.009249323251675934,1.0011173122907708,1.220407731417872
2024-03-21,-0.006633773121481501,-0.00700254196671779,0.0006988639083373993,0.005999829474904962,521.56083984375,510.15065002441406,4.315799806996466,0,1,0,0.0033046038097594987,0.0,0.0033046038097594987,1.0011173122907708,1.2244406954565754
2024-03-22,0.009108163342788744,-0.006633773121481501,-0.00700254196671779,0.005799910753943443,521.3979125976563,510.2612420654297,4.58240861433429,0,1,0,-0.0018959068203877605,-0.0,-0.0018959068203877605,1.0011173122907708,1.222119269990899
2024-03-25,0.0008152988317526866,0.009108163342788744,-0.006633773121481501,0.005301425296790418,521.2330078125,510.40303894042967,4.647295829520841,0,1,0,-0.0027627483891181637,-0.0,-0.0027627483891181637,1.0011173122907708,1.2187428619464213
2024-03-26,0.0011179560774192687,0.0008152988317526866,0.009108163342788744,0.0054390815140505375,521.5598510742187,510.6972943115234,4.613441580454747,0,0,1,-0.0018469745163658402,-0.0,-0.0018469745163658402,1.0011173122907708,1.2164918749384035
2024-03-27,0.011885110365833507,0.0011179560774192687,0.0008152988317526866,0.005450275975464929,522.0367736816406,511.0103106689453,4.596510557056413,0,0,1,0.008403908996592158,0.0,0.008403908996592158,1.0011173122907708,1.2267151619504797
2024-03-28,-1.87284514425734e-05,0.011885110365833507,0.0011179560774192687,0.005475861462282287,522.8316528320313,511.22438537597657,4.748153676896862,0,1,0,-0.00019104683861193017,-0.0,-0.00019104683861193017,1.0011173122907708,1.2264808018969118
2024-04-01,-0.0012157536048030826,-1.87284514425734e-05,0.011885110365833507,0.005403403120343951,523.4458312988281,511.4730194091797,4.820798236090659,0,1,0,-0.0017399574298924136,-0.0,-0.0017399574298924136,1.0011173122907708,1.2243467775130308
2024-04-02,0.0030898469001348072,-0.0012157536048030826,-1.87284514425734e-05,0.005407644691065914,524.1508544921875,511.7651031494141,4.997831449921408,0,1,0,-0.006357936595122515,-0.0,-0.006357936595122515,1.0011173122907708,1.2165624583311603
2024-04-03,0.0024082741236772787,0.0030898469001348072,-0.0012157536048030826,0.005592409672535877,525.6576721191407,512.2098406982421,5.236928056082754,1,1,1,0.0010984241663800631,0.0010984241663800631,0.0010984241663800631,1.0022169637399725,1.217898759935302
2024-04-04,0.008213010343132154,0.0024082741236772787,0.0030898469001348072,0.005557497451468107,527.6167419433593,512.6648504638672,4.911777408040471,0,1,0,-0.012206084852630528,-0.0,-0.012206084852630528,1.0022169637399725,1.2030329843296181
2024-04-05,0.002013548032625989,0.008213010343132154,0.0024082741236772787,0.004994147210775209,529.13837890625,513.2515832519531,4.816560025162602,0,1,0,0.010446847473966736,0.0,0.010446847473966736,1.0022169637399725,1.2156008864230607
2024-04-08,0.0006083770985392256,0.002013548032625989,0.008213010343132154,0.005146779342707108,531.0441223144531,513.8177764892578,5.064830096840901,0,1,0,0.0005592444732953616,0.0,0.0005592444732953616,1.0022169637399725,1.2162807045005257
2024-04-09,0.007958870060923662,0.0006083770985392256,0.002013548032625989,0.00515019750884232,533.0288635253906,514.4056964111328,4.8849775539198435,0,0,1,0.001156829938015136,0.0,0.001156829938015136,1.0022169637399725,1.217687734432522
2024-04-10,0.0025408330823268876,0.007958870060923662,0.0006083770985392256,0.005239068721874885,534.2463684082031,514.9523394775391,4.896968234611348,1,0,0,-0.010013084401591321,-0.010013084401591321,-0.010013084401591321,0.9921816806933376,1.2054949243728668
2024-04-11,-0.0027166211210586377,0.0025408330823268876,0.007958870060923662,0.005270325013268578,535.3924499511719,515.5871929931641,4.4384098872141875,0,0,1,0.007546936386148673,0.0,0.007546936386148673,0.9921816806933376,1.214592717880934
2024-04-12,-0.0013406532882335176,-0.0027166211210586377,0.0025408330823268876,0.005285764153453584,536.4273742675781,516.1103527832031,4.271531302673346,0,1,0,-0.013803104381401532,-0.0,-0.013803104381401532,0.9921816806933376,1.197827567815133
2024-04-15,-0.0032506735744611825,-0.0013406532882335176,-0.0027166211210586377,0.004924545494736079,537.5064086914062,516.816123046875,4.17130064220478,1,1,1,-0.012528103367394627,-0.012528103367394627,-0.012528103367394627,0.9797515260383761,1.1828210602292302
2024-04-16,0.003850797353790014,-0.0032506735744611825,-0.0013406532882335176,0.004802293806011477,538.5254272460937,517.6617572021485,3.9540883071036808,0,1,0,-0.0018238485428235807,-0.0,-0.0018238485428235807,0.9797515260383761,1.18066377376211
2024-04-17,0.0012481416971605874,0.003850797353790014,-0.0032506735744611825,0.004797972854812746,539.1941833496094,518.5425994873046,3.9271192573353915,0,0,1,-0.0059182522306534535,-0.0,-0.0059182522306534535,0.9797515260383761,1.1736763077493906
2024-04-18,0.001576501253757856,0.0012481416971605874,0.003850797353790014,0.00456291684644133,539.5423217773438,519.4396966552735,4.138967858397986,0,1,0,-0.002057621045539415,-0.0,-0.002057621045539415,0.9797515260383761,1.1712613266779144
2024-04-19,-0.00393504952388668,0.001576501253757856,0.0012481416971605874,0.004136056251591607,539.9688232421875,520.3793237304687,4.13550069982501,0,1,0,-0.008728380517372125,-0.0,-0.008728380517372125,0.9797515260383761,1.1610381121333875
2024-04-22,0.002058000331942811,-0.00393504952388668,0.001576501253757856,0.003966262605679954,540.33232421875,521.4777673339844,4.164930133323318,0,1,0,0.009209130985944558,0.0,0.009209130985944558,0.9797515260383761,1.1717302641876977
2024-04-23,0.006729842784292561,0.002058000331942811,-0.00393504952388668,0.003988000094139355,540.8012573242188,522.5346960449219,3.884235953730776,1,1,1,0.011866633467404464,0.011866633467404464,0.011866633467404464,0.9913778782870037,1.185634757755478
2024-04-24,0.004462443003212968,0.006729842784292561,0.002058000331942811,0.004050450012074632,541.7323364257812,523.5375183105468,3.8985311981089206,1,1,1,-0.00047466808989682363,-0.00047466808989682363,-0.00047466808989682363,0.9909073028431513,1.185071974769699
2024-04-25,0.00576647647305073,0.004462443003212968,0.006729842784292561,0.0034335901335387905,542.7992309570312,524.5577612304687,3.8355203997022693,1,1,1,-0.003798903452181035,-0.003798903452181035,-0.003798903452181035,0.987142941669589,1.1805700007536633
2024-04-26,0.001153970272046223,0.00576647647305073,0.004462443003212968,0.0034117429671358624,544.0949645996094,525.62662109375,3.4818863712249106,0,1,0,0.009473933363026488,0.0,0.009473933363026488,0.987142941669589,1.1917546422711915
2024-04-29,0.0009725540044869252,0.001153970272046223,0.00576647647305073,0.003733032381630209,545.7284973144531,526.7102465820312,3.7625145439192886,0,0,1,0.003541486119242432,0.0,0.003541486119242432,0.987142941669589,1.1959752247943376
2024-04-30,0.009895225846729971,0.0009725540044869252,0.001153970272046223,0.004452182278084012,546.8152038574219,527.6624322509765,3.8740215723694456,0,1,0,-0.015841334467873835,-0.0,-0.015841334467873835,0.987142941669589,1.1770293812430799
2024-05-01,-0.008622578367717515,0.009895225846729971,0.0009725540044869252,0.004551120454214551,548.1644226074219,528.8437286376953,4.1966778158083,0,1,0,-0.0032471054646801,-0.0,-0.0032471054646801,0.987142941669589,1.1732074427071564
2024-05-02,0.0063074710559731795,-0.008622578367717515,0.009895225846729971,0.004339412335865959,549.8791809082031,530.0877264404297,4.258945550951905,1,1,1,0.009353393679748079,0.009353393679748079,0.009353393679748079,0.9963760782212093,1.184180913786807
2024-05-03,0.0027500889281606433,0.0063074710559731795,-0.008622578367717515,0.004427533322764647,551.8128601074219,531.3052752685547,4.320500135068504,0,0,1,0.012395381780769599,0.0,0.012395381780769599,0.9963760782212093,1.198859288310695
2024-05-06,0.005930133143262406,0.0027500889281606433,0.0063074710559731795,0.005653818882475306,552.5984191894531,532.24228515625,4.6771184855570676,1,0,0,0.010326779962637644,0.010326779962637644,0.010326779962637644,1.0066654347410355,1.211239644387244
2024-05-07,-0.014020972011067334,0.005930133143262406,0.0027500889281606433,0.005775166873507127,552.7172912597656,532.9902239990234,5.154029598175815,0,0,1,0.0011034905276849916,0.0,0.0011034905276849916,1.0066654347410355,1.212576235861582
2024-05-08,-0.007685001132831548,-0.014020972011067334,0.005930133143262406,0.005969217390219964,552.1575988769531,533.6541955566406,5.071951726302108,0,1,0,9.651771841179269e-05,0.0,9.651771841179269e-05,1.0066654347410355,1.2126932709532676
2024-05-09,-0.006640483335858427,-0.007685001132831548,-0.014020972011067334,0.006316228543686772,552.0951965332031,534.4293200683594,5.278569590004054,1,0,0,0.00576194012128628,0.00576194012128628,0.00576194012128628,1.012465780698182,1.2196807369659872
2024-05-10,0.010309906607715913,-0.006640483335858427,-0.007685001132831548,0.006320349959431799,551.8931030273437,535.1283544921876,5.14412678596068,0,0,1,0.0012882399061335814,0.0,0.0012882399061335814,1.012465780698182,1.2212519783640892
2024-05-13,-0.0015687400169448473,0.010309906607715913,-0.006640483335858427,0.008111634827024573,549.9029479980469,535.5655102539063,5.87364653627867,0,0,1,0.00013422422138376078,0.0,0.00013422422138376078,1.012465780698182,1.2214158999599984
2024-05-14,-0.022662421157437884,-0.0015687400169448473,0.010309906607715913,0.0081318777039663,548.1129028320313,535.9454150390625,6.303859054580195,0,1,0,0.004588167308032354,0.0,0.004588167308032354,1.012465780698182,1.2270199604617058
2024-05-15,-0.005210308325621638,-0.022662421157437884,-0.0015687400169448473,0.008521468563866815,546.5724975585938,536.3975891113281,6.779357536388902,0,1,0,0.012382949389534215,0.0,0.012382949389534215,1.012465780698182,1.2422140865320515
2024-05-16,0.011199686721409474,-0.005210308325621638,-0.022662421157437884,0.008514710800820512,544.9112365722656,536.7281323242188,6.951299961383086,0,0,1,-0.002057443678150195,-0.0,-0.002057443678150195,1.012465780698182,1.239658301012807
2024-05-17,0.0005877948041610459,0.011199686721409474,-0.005210308325621638,0.008543683018027626,542.6466918945313,537.0255187988281,7.161457246826923,0,1,0,0.0014374743663070344,0.0,0.0014374743663070344,1.012465780698182,1.2414402780434928
2024-05-20,-0.005066497496892808,0.0005877948041610459,0.011199686721409474,0.009259602526905714,542.0394409179687,537.4824438476562,7.51525038011146,0,0,1,0.0011522982161793482,0.0,0.0011522982161793482,1.012465780698182,1.2428707874613756
2024-05-21,0.016254633068900404,-0.005066497496892808,0.0005877948041610459,0.009671713190791872,541.08349609375,537.772783203125,8.099009382179418,0,0,1,0.0024523748912728127,0.0,0.0024523748912728127,1.012465780698182,1.2459187725736423
2024-05-22,-0.014161048720978675,0.016254633068900404,-0.005066497496892808,0.010368496974439404,539.4895935058594,537.8371496582031,8.749983704726933,0,0,1,-0.0028792315286728654,-0.0,-0.0028792315286728654,1.012465780698182,1.2423314839614827
2024-05-23,-0.018618307728389905,-0.014161048720978675,0.016254633068900404,0.01182583314345309,535.7975524902344,537.6242407226563,10.094403773748496,0,1,0,-0.007304319826777594,-0.0,-0.007304319826777594,1.012465780698182,1.233257097471753
2024-05-24,-0.029123772129418968,-0.018618307728389905,-0.014161048720978675,0.012103366780487457,532.6642395019531,537.5822668457031,10.38594044937595,0,0,1,0.006616500353154198,0.0,0.006616500353154198,1.012465780698182,1.2414169434927047
2024-05-28,0.009219712464534346,-0.029123772129418968,-0.018618307728389905,0.01209762781536989,530.4284118652344,537.4024194335938,10.700816284314309,0,1,0,0.0006988639083373993,0.0,0.0006988639083373993,1.012465780698182,1.2422845249897103
2024-05-29,-0.006684173791350556,0.009219712464534346,-0.029123772129418968,0.01311556682696672,529.6596923828125,537.4528161621093,11.157913131756667,1,1,1,-0.00700254196671779,-0.00700254196671779,-0.00700254196671779,1.0053759465789773,1.2335853754688657
2024-05-30,0.023117370291918515,-0.006684173791350556,0.009219712464534346,0.013124163733835145,528.5254272460937,537.6228405761718,11.13456147474233,0,1,0,-0.006633773121481501,-0.0,-0.006633773121481501,1.0053759465789773,1.2254020499620277
2024-05-31,0.004409585443468256,0.023117370291918515,-0.006684173791350556,0.01300192419270019,527.38720703125,537.8673376464844,11.227963159542375,0,1,0,0.009108163342788744,0.0,0.009108163342788744,1.0053759465789773,1.23656321199367
2024-06-03,0.0005255139569271261,0.004409585443468256,0.023117370291918515,0.013594939527315473,527.3911682128906,538.1915844726562,10.910966581889678,0,1,0,0.0008152988317526866,0.0,0.0008152988317526866,1.0053759465789773,1.2375713805357968
2024-06-04,0.01644563192328241,0.0005255139569271261,0.004409585443468256,0.013531495869111924,526.6917907714844,538.5412194824219,10.545146687226069,0,1,0,0.0011179560774192687,0.0,0.0011179560774192687,1.0053759465789773,1.238954930981907
2024-06-05,0.0031547727845206985,0.01644563192328241,0.0005255139569271261,0.01382112526367546,527.6883544921875,539.0638525390625,10.603871834382504,0,1,0,0.011885110365833507,0.0,0.011885110365833507,1.0053759465789773,1.2536800470749205
2024-06-06,0.017140199822825997,0.0031547727845206985,0.01644563192328241,0.013723200554308998,529.8092590332031,539.48703125,10.563538978363303,0,1,0,-1.87284514425734e-05,-0.0,-1.87284514425734e-05,1.0053759465789773,1.2536565675890343
2024-06-07,0.00224196912733321,0.017140199822825997,0.0031547727845206985,0.013772861663793826,533.9926391601563,540.0154138183593,10.346310071082447,0,0,1,-0.0012157536048030826,-0.0,-0.0012157536048030826,1.0053759465789773,1.252132430097803
2024-06-10,0.009561491446388404,0.00224196912733321,0.017140199822825997,0.013614982681461656,537.6133422851562,540.5386047363281,9.780949930808159,0,1,0,0.0030898469001348072,0.0,0.0030898469001348072,1.0053759465789773,1.2560013276054989
2024-06-11,-0.0016260708627346965,0.009561491446388404,0.00224196912733321,0.013621957882163907,541.7699768066407,541.0672485351563,9.21063718998421,0,0,1,0.0024082741236772787,0.0,0.0024082741236772787,1.0053759465789773,1.2590261231020754
2024-06-12,0.003436422327161903,-0.0016260708627346965,0.009561491446388404,0.012705834054391284,544.3029846191406,541.4832421875,8.771229913119877,0,1,0,0.008213010343132154,0.0,0.008213010343132154,1.0053759465789773,1.2693665176733864
2024-06-13,-0.007848425907751366,0.003436422327161903,-0.0016260708627346965,0.01276499579142527,547.1896484375,541.9292358398437,7.656073336436618,0,0,1,0.002013548032625989,0.0,0.002013548032625989,1.0053759465789773,1.271922448127729
2024-06-14,0.010625294028573817,-0.007848425907751366,0.003436422327161903,0.012625988050165612,549.9158203125,542.3271533203125,7.1246714345271585,0,1,0,0.0006083770985392256,0.0,0.0006083770985392256,1.0053759465789773,1.2726962566162878
2024-06-17,-0.0023838360809905756,0.010625294028573817,-0.007848425907751366,0.012624357234143674,551.8495056152344,542.7338098144531,6.431235419258306,0,0,1,0.007958870060923662,0.0,0.007958870060923662,1.0053759465789773,1.2828254807497208
2024-06-18,0.0013731378507129133,-0.0023838360809905756,0.010625294028573817,0.012644649798437898,553.2908569335938,542.99056640625,6.005272459601413,0,1,0,0.0025408330823268876,0.0,0.0025408330823268876,1.0053759465789773,1.2860849261700615
2024-06-20,-0.00580517669033398,0.0013731378507129133,-0.0023838360809905756,0.01218444317553851,553.8138977050781,543.220859375,6.044188740558338,0,1,0,-0.0027166211210586377,-0.0,-0.0027166211210586377,1.0053759465789773,1.2825911206961529
2024-06-21,8.939046627509661e-05,-0.00580517669033398,0.0013731378507129133,0.011829987157518462,554.7421081542968,543.5861791992188,6.20552000793925,0,0,1,-0.0013406532882335176,-0.0,-0.0013406532882335176,1.0053759465789773,1.2808716106927325
2024-06-24,0.009546048472447888,8.939046627509661e-05,-0.00580517669033398,0.012006015518812802,553.9961730957032,543.7361584472657,6.570631660475312,0,0,1,-0.0032506735744611825,-0.0,-0.0032506735744611825,1.0053759465789773,1.276707915195576
2024-06-25,-0.02057901860671374,0.009546048472447888,8.939046627509661e-05,0.009769798905439539,553.2284423828125,543.898818359375,6.579826273201401,0,0,1,0.003850797353790014,0.0,0.003850797353790014,1.0053759465789773,1.281624258656974
2024-06-26,-0.002046779970929946,-0.02057901860671374,0.009546048472447888,0.00973229290916389,552.1377807617188,543.9935229492188,6.373922854135701,0,0,1,0.0012481416971605874,0.0,0.0012481416971605874,1.0053759465789773,1.2832239073342961
2024-06-27,-0.002432097423461843,-0.002046779970929946,-0.02057901860671374,0.010436785954089796,550.5666564941406,543.8914880371094,6.968291003102536,0,1,0,0.001576501253757856,0.0,0.001576501253757856,1.0053759465789773,1.2852469114330607
2024-06-28,-0.016830322831178357,-0.002432097423461843,-0.002046779970929946,0.009514516305959682,549.0093994140625,543.8922790527344,7.081506937750711,0,1,0,-0.00393504952388668,-0.0,-0.00393504952388668,1.0053759465789773,1.2801894011861492
2024-07-01,0.011196214999071863,-0.016830322831178357,-0.002432097423461843,0.009513685391417826,547.8206665039063,543.982822265625,7.241421715935969,0,1,0,0.002058000331942811,0.0,0.002058000331942811,1.0053759465789773,1.28282403139874
2024-07-02,0.004355920787868062,0.011196214999071863,-0.016830322831178357,0.009702370045946642,547.1133605957032,544.1627172851563,7.808901342245885,0,1,0,0.006729842784292561,0.0,0.006729842784292561,1.0053759465789773,1.2914572354499658
2024-07-03,0.010258763341584931,0.004355920787868062,0.011196214999071863,0.009248281228174043,547.1916198730469,544.3624255371094,7.699934923602354,0,1,0,0.004462443003212968,0.0,0.004462443003212968,1.0053759465789773,1.2972202897542482
2024-07-05,0.00842339199639408,0.010258763341584931,0.004355920787868062,0.009277555978153518,547.5541870117188,544.5714453125,7.492606243389877,0,1,0,0.00576647647305073,0.0,0.00576647647305073,1.0053759465789773,1.3047006800354801
2024-07-08,0.005222614335536946,0.00842339199639408,0.010258763341584931,0.008569631087393007,547.4709777832031,544.7339074707031,7.375853116232398,1,1,1,0.001153970272046223,0.001153970272046223,0.001153970272046223,1.00653612053356,1.3062062658341596
2024-07-09,0.001476936785746119,0.005222614335536946,0.00842339199639408,0.008564285052756275,548.55966796875,544.8882458496093,7.520911355080061,0,0,1,0.0009725540044869252,0.0,0.0009725540044869252,1.00653612053356,1.3074766219686824
2024-07-10,0.0004086456412846218,0.001476936785746119,0.005222614335536946,0.008355937648475682,549.5948669433594,544.998798828125,7.609355051374125,0,1,0,0.009895225846729971,0.0,0.009895225846729971,1.00653612053356,1.3204143984323822
2024-07-11,-0.0029658202997837613,0.0004086456412846218,0.001476936785746119,0.009114311489349158,551.7118103027344,545.190185546875,7.96172883324361,0,0,1,-0.008622578367717515,-0.0,-0.008622578367717515,1.00653612053356,1.3090290218040364
2024-07-12,0.0170643557287935,-0.0029658202997837613,0.0004086456412846218,0.00911710507542117,554.647314453125,545.45791015625,7.756013977548695,0,1,0,0.0063074710559731795,0.0,0.0063074710559731795,1.00653612053356,1.317285684470494
2024-07-15,-0.0017285755475674458,0.0170643557287935,-0.0029658202997837613,0.008901721294941869,557.1245910644532,545.6843127441406,6.911646109349257,1,1,1,0.0027500889281606433,0.0027500889281606433,0.0027500889281606433,1.009304184374433,1.3209083372465809
2024-07-16,0.0024988247405808295,-0.0017285755475674458,0.0170643557287935,0.008653798965559028,559.5280517578125,545.9125964355469,6.826847206673798,0,0,1,0.005930133143262406,0.0,0.005930133143262406,1.009304184374433,1.3287414995564983
2024-07-17,0.0028612506908902713,0.0024988247405808295,-0.0017285755475674458,0.00865044621087922,561.2486083984375,546.0498669433593,6.564274648662376,0,1,0,-0.014020972011067334,-0.0,-0.014020972011067334,1.009304184374433,1.310111252181273
2024-07-18,-0.002205401211637481,0.0028612506908902713,0.0024988247405808295,0.008675068464883159,562.731103515625,546.3889624023437,6.0452459477070795,0,0,1,-0.007685001132831548,-0.0,-0.007685001132831548,1.009304184374433,1.3000430457241245
2024-07-19,0.003964639036064588,-0.002205401211637481,0.0028612506908902713,0.008553336410153262,563.8418701171875,546.7963610839844,5.794874933274075,0,1,0,-0.006640483335858427,-0.0,-0.006640483335858427,1.009304184374433,1.2914101315430948
2024-07-22,-0.0014503466374615748,0.003964639036064588,-0.002205401211637481,0.008568512284531472,565.0979614257812,547.3219799804688,5.833741926076519,0,0,1,0.010309906607715913,0.0,0.010309906607715913,1.009304184374433,1.3047244493915622
2024-07-23,0.004007278926261737,-0.0014503466374615748,0.003964639036064588,0.008648481142636185,565.8205261230469,547.6333117675781,5.316126832472695,0,1,0,-0.0015687400169448473,-0.0,-0.0015687400169448473,1.009304184374433,1.3026776759367154
2024-07-24,-0.008958497576024071,0.004007278926261737,-0.0014503466374615748,0.007164213204527241,566.732373046875,547.9666528320313,5.173490032649568,0,0,1,-0.022662421157437884,-0.0,-0.022662421157437884,1.009304184374433,1.2731558458122452
2024-07-25,0.0004221591648074785,-0.008958497576024071,0.004007278926261737,0.007158810645432047,566.5918762207032,548.5279711914062,5.200610794454893,0,1,0,-0.005210308325621638,-0.0,-0.005210308325621638,1.009304184374433,1.2665223113089958
2024-07-26,-0.0018281885050124291,0.0004221591648074785,-0.008958497576024071,0.00727418856314534,567.0618713378906,549.2477038574219,5.366678407049919,0,0,1,0.011199686721409474,0.0,0.011199686721409474,1.009304184374433,1.280706964421332
2024-07-29,0.00908726157486206,-0.0018281885050124291,0.0004221591648074785,0.0064041442549655605,566.8760620117188,549.7450256347656,5.407674044146047,0,1,0,0.0005877948041610459,0.0,0.0005877948041610459,1.009304184374433,1.2814597573206719
2024-07-30,-0.00904037487378262,0.00908726157486206,-0.0018281885050124291,0.006296806144098209,567.0618835449219,550.3427258300782,5.275950527248759,1,1,1,-0.005066497496892808,-0.005066497496892808,-0.005066497496892808,1.0041905472506965,1.2749672446678377
2024-07-31,0.009457558847675962,-0.00904037487378262,0.00908726157486206,0.0063604841657262205,567.7673828125,551.0740051269531,4.829882812148379,0,0,1,0.016254633068900404,0.0,0.016254633068900404,1.0041905472506965,1.2956913694047805
2024-08-01,0.006926405441844974,0.009457558847675962,-0.00904037487378262,0.006171372371695041,568.1479553222656,551.6106652832032,4.755359438120657,1,1,1,-0.014161048720978675,-0.014161048720978675,-0.014161048720978675,0.9899701559859331,1.2773430207952878
2024-08-02,-0.001750022536475826,0.006926405441844974,0.009457558847675962,0.006066529555839576,568.9538146972657,552.3704248046874,4.910795875301257,0,1,0,-0.018618307728389905,-0.0,-0.018618307728389905,0.9899701559859331,1.25356105535941
2024-08-05,0.0059882065403507045,-0.001750022536475826,0.006926405441844974,0.006181189722360038,570.0031188964844,553.4246850585937,5.047780798882578,0,0,1,-0.029123772129418968,-0.0,-0.029123772129418968,0.9899701559859331,1.2170526288328087
2024-08-06,0.008178386498286061,0.0059882065403507045,-0.001750022536475826,0.006540682498712123,571.1120422363281,554.6962097167968,5.287678189868351,0,1,0,0.009219712464534346,0.0,0.009219712464534346,0.9899701559859331,1.228273504124853
2024-08-07,-0.007769766324635219,0.008178386498286061,0.0059882065403507045,0.006561852247040958,572.4475158691406,555.9233081054688,5.2209610876604495,0,1,0,-0.006684173791350556,-0.0,-0.006684173791350556,0.9899701559859331,1.2200635105599713
2024-08-08,0.004346500392314434,-0.007769766324635219,0.008178386498286061,0.006485144484531955,573.8912902832031,557.220546875,5.232319581307203,0,1,0,0.023117370291918515,0.0,0.023117370291918515,0.9899701559859331,1.2482681705132441
2024-08-09,8.576054306153047e-05,0.004346500392314434,-0.007769766324635219,0.005508982968636772,575.0449279785156,558.3247509765625,5.000942389225364,0,0,1,0.004409585443468256,0.0,0.004409585443468256,0.9899701559859331,1.2537725156674842
2024-08-12,0.0038465526321536103,8.576054306153047e-05,0.004346500392314434,0.005506653670528627,576.6178833007813,559.3635168457031,4.730526051426182,0,0,1,0.0005255139569271261,0.0,0.0005255139569271261,0.9899701559859331,1.2544313906232791
2024-08-13,-0.0016421907154073878,0.0038465526321536103,8.576054306153047e-05,0.005513003329351577,577.6264465332031,560.3905737304688,4.694327863845907,0,0,1,0.01644563192328241,0.0,0.01644563192328241,0.9899701559859331,1.275061307546481
2024-08-14,-0.0005310720287751147,-0.0016421907154073878,0.0038465526321536103,0.005931839518399644,577.7109069824219,561.1379528808594,5.020106967312732,0,1,0,0.0031547727845206985,0.0,0.0031547727845206985,0.9899701559859331,1.279083836258124
2024-08-15,-0.009137376019982102,-0.0005310720287751147,-0.0016421907154073878,0.005906131633712741,578.0199279785156,561.8762927246094,4.874611232995586,0,0,1,0.017140199822825997,0.0,0.017140199822825997,0.9899701559859331,1.3010075888017352
2024-08-16,0.0021625517536818517,-0.009137376019982102,-0.0005310720287751147,0.005864646703519203,577.9662658691407,562.4260070800781,4.876745320228126,0,1,0,0.00224196912733321,0.0,0.00224196912733321,0.9899701559859331,1.303924407650255
2024-08-19,-0.0003452786014435105,0.0021625517536818517,-0.009137376019982102,0.005870002122833284,577.619482421875,562.9867297363281,4.712796226151697,0,1,0,0.009561491446388404,0.0,0.009561491446388404,0.9899701559859331,1.31639186972074
2024-08-20,0.0030915017911679055,-0.0003452786014435105,0.0021625517536818517,0.005827535859305574,577.8172180175782,563.4611254882813,4.664529070187565,0,0,1,-0.0016260708627346965,-0.0,-0.0016260708627346965,0.9899701559859331,1.3142513232574462
2024-08-21,0.0016182398537725184,0.0030915017911679055,-0.0003452786014435105,0.005469895376400589,577.5896728515625,563.91857421875,4.731246189652024,0,0,1,0.003436422327161903,0.0,0.003436422327161903,0.9899701559859331,1.31876764584819
2024-08-22,-0.0030251534775486144,0.0016182398537725184,0.0030915017911679055,0.007077481803293673,576.2273803710938,564.1120275878907,5.238716881166746,0,1,0,-0.007848425907751366,-0.0,-0.007848425907751366,0.9899701559859331,1.3084173956902108
2024-08-23,-0.019603069196068024,-0.0030251534775486144,0.0016182398537725184,0.007122063583230426,574.8809753417969,564.4403491210937,5.325299627517642,0,0,1,0.010625294028573817,0.0,0.010625294028573817,0.9899701559859331,1.32231971523152
2024-08-26,0.004220470345176475,-0.019603069196068024,-0.0030251534775486144,0.006845144859050092,573.5077392578125,564.6271350097657,5.201088230299937,0,1,0,-0.0023838360809905756,-0.0,-0.0023838360809905756,0.9899701559859331,1.319167521783746
2024-08-27,-0.0021540202461768354,0.004220470345176475,-0.019603069196068024,0.007037601300149637,572.8499389648438,564.9773974609375,5.418277724290841,0,1,0,0.0013731378507129133,0.0,0.0013731378507129133,0.9899701559859331,1.3209789206393383
2024-08-28,0.012091894126530889,-0.0021540202461768354,0.004220470345176475,0.008615516991457484,574.1466613769531,565.5973840332031,6.21816993111839,0,1,0,-0.00580517669033398,-0.0,-0.00580517669033398,0.9899701559859331,1.3133104046008204
2024-08-29,0.024865593974724653,0.012091894126530889,-0.0021540202461768354,0.008642646959456525,575.7732788085938,566.3727770996094,6.40057371971974,1,1,1,8.939046627509661e-05,8.939046627509661e-05,8.939046627509661e-05,0.9900586498797751,1.3134278020302517
2024-08-30,0.007732038047127077,0.024865593974724653,0.012091894126530889,0.008628892879535296,577.6761352539063,567.1984545898438,6.384961841164592,1,1,1,0.009546048472447888,0.009546048472447888,0.009546048472447888,0.9995097977420937,1.3259658474934932
2024-09-03,0.0043317374770937,0.007732038047127077,0.024865593974724653,0.008577265284417079,579.4577514648438,567.9298583984375,6.317534249581764,0,0,1,-0.02057901860671374,-0.0,-0.02057901860671374,0.9995097977420937,1.2986787716460577
2024-09-04,0.0009528089020014452,0.0043317374770937,0.007732038047127077,0.008496746225806465,580.9611633300781,568.8541235351563,6.035049153669904,0,1,0,-0.002046779970929946,-0.0,-0.002046779970929946,0.9995097977420937,1.2960206619475807
2024-09-05,-0.0031062224676552397,0.0009528089020014452,0.0043317374770937,0.008255886468438346,582.66826171875,569.8065380859375,6.090407778841966,0,0,1,-0.002432097423461843,-0.0,-0.002432097423461843,0.9995097977420937,1.2928686134349048
2024-09-06,0.000485717937419361,-0.0031062224676552397,0.0009528089020014452,0.008400008814363164,585.1235778808593,570.7091870117188,6.003815472591547,0,0,1,-0.016830322831178357,-0.0,-0.016830322831178357,0.9995097977420937,1.2711092172924974
2024-09-09,-0.006430169669833119,0.000485717937419361,-0.0031062224676552397,0.008919913640144763,586.5852478027343,571.6440673828125,6.416883786359912,0,1,0,0.011196214999071863,0.0,0.011196214999071863,0.9995097977420937,1.2853408293766062
2024-09-10,-0.012808575932076294,-0.006430169669833119,0.000485717937419361,0.008925043566482277,588.4076171875,572.5067785644532,6.39346067433449,0,1,0,0.004355920787868062,0.0,0.004355920787868062,0.9995097977420937,1.2909396722147835
2024-09-11,0.00409729395294689,-0.012808575932076294,-0.006430169669833119,0.00894145690616084,589.758984375,573.3650610351563,6.604961823255361,0,1,0,0.010258763341584931,0.0,0.010258763341584931,0.9995097977420937,1.3041831168002982
2024-09-12,0.003655514780908309,0.00409729395294689,-0.012808575932076294,0.00893807020903569,589.705322265625,574.1157763671876,6.220983409728636,0,1,0,0.00842339199639408,0.0,0.00842339199639408,0.9995097977420937,1.315168762428186
2024-09-13,0.0003388093639582479,0.003655514780908309,0.00409729395294689,0.008703685579957968,589.5125549316406,574.8369641113281,6.274927933464239,0,1,0,0.005222614335536946,0.0,0.005222614335536946,0.9995097977420937,1.3220373816604938
2024-09-16,0.005368351193856924,0.0003388093639582479,0.003655514780908309,0.00871066475191916,589.2462585449218,575.5368688964844,6.160658506210983,0,1,0,0.001476936785746119,0.0,0.001476936785746119,0.9995097977420937,1.3239899473015997
2024-09-17,0.003099434784606059,0.005368351193856924,0.0003388093639582479,0.008712345864941842,589.1240478515625,576.2604724121094,6.0705135358471125,0,1,0,0.0004086456412846218,0.0,0.0004086456412846218,0.9995097977420937,1.3245309900226692
2024-09-18,0.0033920773549593886,0.003099434784606059,0.005368351193856924,0.008743724946268187,589.4966613769532,577.0415222167969,5.259259639510666,0,0,1,-0.0029658202997837613,-0.0,-0.0029658202997837613,0.9995097977420937,1.3206026691247672
2024-09-19,0.0052214111471931,0.0033920773549593886,0.003099434784606059,0.008802818770662928,589.659619140625,577.8194885253906,5.114467069300588,0,1,0,0.0170643557287935,0.0,0.0170643557287935,0.9995097977420937,1.3431379028471064
2024-09-20,-0.0030300789794227567,0.0052214111471931,0.0033920773549593886,0.008800691661219879,590.5737854003906,578.48158203125,5.149242104328526,0,1,0,-0.0017285755475674458,-0.0,-0.0017285755475674458,0.9995097977420937,1.3408161875112339
2024-09-23,0.006212128780890502,-0.0030300789794227567,0.0052214111471931,0.00730357695758217,592.3504455566406,579.1846936035156,5.05555832608355,0,1,0,0.0024988247405808295,0.0,0.0024988247405808295,0.9995097977420937,1.3441666521731581
2024-09-24,0.0017924360483223545,0.006212128780890502,-0.0030300789794227567,0.007314916567341234,593.9164428710938,579.8651489257812,4.835531746850173,0,1,0,0.0028612506908902713,0.0,0.0028612506908902713,0.9995097977420937,1.3480126499353602
2024-09-25,0.0004637158855407275,0.0017924360483223545,0.006212128780890502,0.007265283940769252,595.6414306640625,580.5877368164063,4.816374561157294,0,0,1,-0.002205401211637481,-0.0,-0.002205401211637481,0.9995097977420937,1.3450397412038901
2024-09-26,0.0062096108555036444,0.0004637158855407275,0.0017924360483223545,0.007029054677068803,597.2471801757813,581.3154907226562,4.604869069210695,0,1,0,0.003964639036064588,0.0,0.003964639036064588,0.9995097977420937,1.3503723382669253
2024-09-27,-0.001645650257269371,0.0062096108555036444,0.0004637158855407275,0.004797523371774557,598.6522094726563,582.0211853027344,4.102364347412585,0,0,1,-0.0014503466374615748,-0.0,-0.0014503466374615748,0.9995097977420937,1.3484138302867987
2024-09-30,0.0018956173189883518,-0.001645650257269371,0.0062096108555036444,0.004763341646319849,599.5633850097656,582.681171875,4.076103773515764,0,0,1,0.004007278926261737,0.0,0.004007278926261737,0.9995097977420937,1.353817300612787
2024-10-01,-0.005149674771211976,0.0018956173189883518,-0.001645650257269371,0.004758829800687472,600.0870361328125,583.2582873535156,3.8390481526282576,0,1,0,-0.008958497576024071,-0.0,-0.008958497576024071,0.9995097977420937,1.3416891316068678
2024-10-02,-0.003109029034365385,-0.005149674771211976,0.0018956173189883518,0.0050224130594910925,600.7637145996093,584.0301599121094,3.8014304777091104,0,0,1,0.0004221591648074785,0.0,0.0004221591648074785,0.9995097977420937,1.3422555379700982
2024-10-03,0.007730578659771448,-0.003109029034365385,-0.005149674771211976,0.005118861720178454,601.3102294921875,584.7350598144532,3.4792003955558033,1,0,0,-0.0018281885050124291,-0.0018281885050124291,-0.0018281885050124291,0.9976825054192143,1.339801641824792
2024-10-04,-0.005152540727580535,0.007730578659771448,-0.003109029034365385,0.0051218139981559965,601.4751831054688,585.4582434082031,3.5728885392666387,1,1,1,0.00908726157486206,0.00908726157486206,0.00908726157486206,1.0067487073146224,1.3519767698024836
2024-10-07,-0.00019850518380071236,-0.005152540727580535,0.007730578659771448,0.004918901877201538,601.7891723632813,586.1301538085937,3.4245484753527244,1,0,0,-0.00904037487378262,-0.00904037487378262,-0.00904037487378262,0.9976473215968021,1.3397543929828235
2024-10-08,0.004269877917947307,-0.00019850518380071236,-0.005152540727580535,0.003965396108556005,601.8269348144531,586.8553234863281,3.4316467438348712,1,0,0,0.009457558847675962,0.009457558847675962,0.009457558847675962,1.0070826298500302,1.3524251989958909
2024-10-09,-0.004120024513639686,0.004269877917947307,-0.00019850518380071236,0.007849871130337633,599.7025024414063,587.1158605957031,4.634681772208312,0,0,1,0.006926405441844974,0.0,0.006926405441844974,1.0070826298500302,1.3617926442539043
2024-10-10,-0.029803467860256894,-0.004120024513639686,0.004269877917947307,0.0078020107277287165,597.6595397949219,587.2939221191406,4.82134917470693,0,1,0,-0.001750022536475826,-0.0,-0.001750022536475826,1.0070826298500302,1.359409476436453
2024-10-11,-0.0003071868629631602,-0.029803467860256894,-0.004120024513639686,0.00825330846042705,596.2018127441406,587.6319567871094,5.746864771608882,0,1,0,0.0059882065403507045,0.0,0.0059882065403507045,1.0070826298500302,1.3675499011542644
2024-10-14,0.012011112849670047,-0.0003071868629631602,-0.029803467860256894,0.008273632813541609,595.4080383300782,587.9720166015625,6.161771890635911,1,1,1,0.008178386498286061,0.008178386498286061,0.008178386498286061,1.0153189408326542,1.378734252801597
2024-10-15,0.005988285019376871,0.012011112849670047,-0.0003071868629631602,0.008589331119121626,595.4600830078125,588.3496801757813,6.351443065514786,1,1,1,-0.007769766324635219,-0.007769766324635219,-0.007769766324635219,1.0074301499174083,1.368021809833558
2024-10-16,0.011114989748490345,0.005988285019376871,0.012011112849670047,0.008567000424698903,595.053076171875,588.8183666992187,6.510057574568764,0,0,1,0.004346500392314434,0.0,0.004346500392314434,1.0074301499174083,1.373967917166694
2024-10-17,6.658418643890052e-05,0.011114989748490345,0.005988285019376871,0.00881842763077794,594.3259765625,589.110751953125,7.092455542012999,0,0,1,8.576054306153047e-05,0.0,8.576054306153047e-05,1.0074301499174083,1.3740857494014194
2024-10-18,-0.010526523683762057,6.658418643890052e-05,0.011114989748490345,0.009134469030374643,592.9338317871094,589.2667517089844,7.579043703767638,0,0,1,0.0038465526321536103,0.0,0.0038465526321536103,1.0074301499174083,1.3793712425575841
2024-10-21,-0.011411602725516334,-0.010526523683762057,6.658418643890052e-05,0.009016572704552332,591.0719787597657,589.3355639648438,7.761520446548185,0,0,1,-0.0016421907154073878,-0.0,-0.0016421907154073878,1.0074301499174083,1.377106051909956
2024-10-22,-0.003638031857652546,-0.011411602725516334,-0.010526523683762057,0.008995602398140349,589.3149719238281,589.3947412109375,8.118940034054576,0,1,0,-0.0005310720287751147,-0.0,-0.0005310720287751147,1.0074301499174083,1.3763747094051297
2024-10-23,-0.002456981412092718,-0.003638031857652546,-0.011411602725516334,0.00948544580678541,590.0763366699218,589.6058386230469,8.463649425031292,0,1,0,-0.009137376019982102,-0.0,-0.009137376019982102,1.0074301499174083,1.3637982561409014
2024-10-24,0.012503332455847671,-0.002456981412092718,-0.003638031857652546,0.009469469653069213,591.1955749511719,589.9908557128906,8.708948496820662,0,0,1,0.0021625517536818517,0.0,0.0021625517536818517,1.0074301499174083,1.3667475404513871
2024-10-25,0.005760634478527704,0.012503332455847671,-0.002456981412092718,0.009744655732038155,590.9443298339844,590.2168371582031,9.23678862675344,0,1,0,-0.0003452786014435105,-0.0,-0.0003452786014435105,1.0074301499174083,1.3662756317720937
2024-10-28,-0.011304021553249277,0.005760634478527704,0.012503332455847671,0.009738143020789472,590.4258850097656,590.4639404296875,9.343121165084556,0,0,1,0.0030915017911679055,0.0,0.0030915017911679055,1.0074301499174083,1.3704994753349462
2024-10-29,0.001460917568971487,-0.011304021553249277,0.005760634478527704,0.010180901465190961,588.351123046875,590.4960083007812,8.665793722700382,0,1,0,0.0016182398537725184,0.0,0.0016182398537725184,1.0074301499174083,1.3727172722055074
2024-10-30,-0.015267460962898771,0.001460917568971487,-0.011304021553249277,0.010200164887307038,586.3621032714843,590.52734375,8.614090973849297,0,1,0,-0.0030251534775486144,-0.0,-0.0030251534775486144,1.0074301499174083,1.3685645917758038
2024-10-31,0.0015504803040384818,-0.015267460962898771,0.001460917568971487,0.010004682425532664,585.0839477539063,590.6096069335938,8.030845290467507,0,1,0,-0.019603069196068024,-0.0,-0.019603069196068024,1.0074301499174083,1.3417365253839342
2024-11-01,0.00137602434472206,0.0015504803040384818,-0.015267460962898771,0.010874097877604103,585.5385864257812,591.1289929199219,8.3235368445286,0,0,1,0.004220470345176475,0.0,0.004220470345176475,1.0074301499174083,1.3473992846003573
2024-11-04,0.01819002390432889,0.00137602434472206,0.0015504803040384818,0.010876617745915288,586.092919921875,591.5779528808594,8.093512414689801,0,1,0,-0.0021540202461768354,-0.0,-0.0021540202461768354,1.0074301499174083,1.344496959261644
2024-11-05,-0.0019231682808391604,0.01819002390432889,0.00137602434472206,0.01108162175695476,587.3830383300781,592.1698010253906,8.32994405344698,0,1,0,0.012091894126530889,0.0,0.012091894126530889,1.0074301499174083,1.3607544741464785
2024-11-06,0.010039880559060466,-0.0019231682808391604,0.01819002390432889,0.011242754925492903,588.4897094726563,592.7337927246094,7.966747151759242,0,1,0,0.024865593974724653,0.0,0.024865593974724653,1.0074301499174083,1.394590442399895
2024-11-07,0.009153514761785386,0.010039880559060466,-0.0019231682808391604,0.008952348002142606,589.594384765625,593.080400390625,7.5515659801271555,0,1,0,0.007732038047127077,0.0,0.007732038047127077,1.0074301499174083,1.4053734687606907
2024-11-08,0.0056214062337258675,0.009153514761785386,0.010039880559060466,0.008972565524529826,591.700048828125,593.4021911621094,7.4098457850684065,1,0,0,0.0043317374770937,0.0043317374770937,0.0043317374770937,1.0117940728533596,1.4114611776846346
2024-11-11,0.005458144884880722,0.0056214062337258675,0.009153514761785386,0.008735027817417026,593.5425048828125,593.6372143554687,6.936272967565742,0,0,1,0.0009528089020014452,0.0,0.0009528089020014452,1.0117940728533596,1.412806030459562
2024-11-12,-0.002919324164959991,0.005458144884880722,0.0056214062337258675,0.009290418547332273,595.4248474121093,593.6894274902344,7.318695347041593,0,1,0,-0.0031062224676552397,-0.0,-0.0031062224676552397,1.0117940728533596,1.4084175406253097
2024-11-13,-0.01414535441927156,-0.002919324164959991,0.005458144884880722,0.009160545494740083,597.7309143066407,593.8812939453124,7.345041870240485,0,0,1,0.000485717937419361,0.0,0.000485717937419361,1.0117940728533596,1.4091016342881675
2024-11-14,0.008592402569559843,-0.01414535441927156,-0.002919324164959991,0.009219806784969059,599.6870300292969,594.0133605957031,6.941262794289734,0,1,0,-0.006430169669833119,-0.0,-0.006430169669833119,1.0117940728533596,1.4000408716976553
2024-11-15,-0.004482948481435156,0.008592402569559843,-0.01414535441927156,0.008954318468935688,600.9093444824218,594.2861462402344,6.976869970048662,1,0,0,-0.012808575932076294,-0.012808575932076294,-0.012808575932076294,0.9988344316435926,1.3821083418845057
2024-11-18,0.005367081149522335,-0.004482948481435156,0.008592402569559843,0.008630657275622781,601.9242858886719,594.6457604980469,6.832306014593452,0,0,1,0.00409729395294689,0.0,0.00409729395294689,0.9988344316435926,1.3877712460360265
2024-11-19,-0.0053219368053647464,0.005367081149522335,-0.004482948481435156,0.008741608787324476,601.9432250976563,594.8769226074219,7.183392248974355,1,1,1,0.003655514780908309,0.003655514780908309,0.003655514780908309,1.002485685672146,1.3928442643384307
2024-11-20,-0.006729567924630753,-0.0053219368053647464,0.005367081149522335,0.008790234627488755,601.8166076660157,595.1453173828126,7.067308160125866,0,1,0,0.0003388093639582479,0.0,0.0003388093639582479,1.002485685672146,1.3933161730177241
2024-11-21,0.006708286863932544,-0.006729567924630753,-0.0053219368053647464,0.00844381399572946,601.5952697753906,595.4583898925781,6.6428674284471185,0,1,0,0.005368351193856924,0.0,0.005368351193856924,1.002485685672146,1.400795983558564
2024-11-22,0.004054529845545218,0.006708286863932544,-0.006729567924630753,0.008394130471988125,601.2532958984375,595.7503393554688,6.67135488781653,1,0,0,0.003099434784606059,0.003099434784606059,0.003099434784606059,1.005592824677388,1.4051376593561418
2024-11-25,0.0034756357468082033,0.004054529845545218,0.006708286863932544,0.008249644048440273,600.5354614257812,595.8950549316406,6.69699586009976,0,1,0,0.0033920773549593886,0.0,0.0033920773549593886,1.005592824677388,1.4099039949910444
2024-11-26,-0.009153533876142705,0.0034756357468082033,0.004054529845545218,0.008345811415494162,601.0818115234375,596.0809802246093,6.6435837769607735,0,1,0,0.0052214111471931,0.0,0.0052214111471931,1.005592824677388,1.4172656834269626
2024-11-27,0.006791158501634698,-0.009153533876142705,0.0034756357468082033,0.007442943722979217,601.1605712890625,596.2140759277344,6.548156477843195,0,0,1,-0.0030300789794227567,-0.0,-0.0030300789794227567,1.005592824677388,1.4129712564713532
2024-11-29,0.0007606167523941387,0.006791158501634698,-0.009153533876142705,0.007530392912571981,601.3151062011718,596.3444580078125,6.731177084292166,1,1,1,0.006212128780890502,0.006212128780890502,0.006212128780890502,1.0118396968054233,1.42174881588025
2024-12-02,-0.0032214918501909384,0.0007606167523941387,0.006791158501634698,0.007767662915012034,601.7827026367188,596.5279296875,6.927725042255986,0,0,1,0.0017924360483223545,0.0,0.0017924360483223545,1.0118396968054233,1.4242972097094935
2024-12-03,0.010557537580401899,-0.0032214918501909384,0.0007606167523941387,0.006860893674086545,602.5683410644531,596.6893395996094,6.115173062687234,0,1,0,0.0004637158855407275,0.0,0.0004637158855407275,1.0118396968054233,1.4249576789513672
2024-12-04,-4.919750337728512e-05,0.010557537580401899,-0.0032214918501909384,0.0068263566922028545,603.9362243652344,596.88087890625,5.758388482188033,0,1,0,0.0062096108555036444,0.0,0.0062096108555036444,1.0118396968054233,1.4338061116232168
2024-12-05,0.002935829744165508,-4.919750337728512e-05,0.010557537580401899,0.006551451298121614,605.0478759765625,597.0266064453125,5.642303665878501,0,0,1,-0.001645650257269371,-0.0,-0.001645650257269371,1.0118396968054233,1.4314465682267496
2024-12-06,0.0023548836253795002,0.002935829744165508,-4.919750337728512e-05,0.006388403375329493,605.6620361328125,597.1413610839844,5.6444348095496775,0,0,1,0.0018956173189883518,0.0,0.0018956173189883518,1.0118396968054233,1.4341600431326866
2024-12-09,-0.004160255274454183,0.0023548836253795002,0.002935829744165508,0.007347218106806988,605.0259521484375,597.025087890625,5.786863555806259,0,0,1,-0.005149674771211976,-0.0,-0.005149674771211976,1.0118396968054233,1.426774585340686
2024-12-10,-0.017104103285771943,-0.004160255274454183,0.0023548836253795002,0.007266445422229994,604.6710205078125,596.91658203125,5.445748390668371,0,0,1,-0.003109029034365385,-0.0,-0.003109029034365385,1.0118396968054233,1.4223387017293672
2024-12-11,-0.004550437416077302,-0.017104103285771943,-0.004160255274454183,0.007307785658538565,603.6132080078125,596.7862145996094,5.681472063395566,0,1,0,0.007730578659771448,0.0,0.007730578659771448,1.0118396968054233,1.4333342029439233
2024-12-12,-0.004973172137566095,-0.004550437416077302,-0.017104103285771943,0.00666754781507517,602.5394348144531,596.5692199707031,5.818919584668452,1,0,0,-0.005152540727580535,-0.005152540727580535,-0.005152540727580535,1.0066261515578505,1.4259488900870205
2024-12-13,0.0005047993020994568,-0.004973172137566095,-0.004550437416077302,0.007153643843737429,600.7139221191406,596.2251965332031,6.499015663525394,0,1,0,-0.00019850518380071236,-0.0,-0.00019850518380071236,1.0066261515578505,1.4256658318405033
2024-12-16,-0.015961937978493657,0.0005047993020994568,-0.004973172137566095,0.008029055051650044,599.1635864257812,596.0656103515626,6.798112447346211,0,0,1,0.004269877917947307,0.0,0.004269877917947307,1.0066261515578505,1.431753250894251
2024-12-17,0.015605579744493614,-0.015961937978493657,0.0005047993020994568,0.00870665935097091,596.5783630371094,595.647177734375,7.703250534298653,0,0,1,-0.004120024513639686,-0.0,-0.004120024513639686,1.0066261515578505,1.4258543924030833
2024-12-18,-0.01751995291910613,0.015605579744493614,-0.015961937978493657,0.0089559230295879,593.1257507324219,595.1406420898437,8.394743387627718,0,1,0,-0.029803467860256894,-0.0,-0.029803467860256894,1.0066261515578505,1.383358986845692
2024-12-19,-0.01183686490134761,-0.01751995291910613,0.015605579744493614,0.009297717169172756,590.1477111816406,595.1156481933593,8.750815858074052,0,0,1,-0.0003071868629631602,-0.0,-0.0003071868629631602,1.0066261515578505,1.3829340371381709
2024-12-20,0.010747827002392407,-0.01183686490134761,-0.01751995291910613,0.009784107987281562,586.3920104980468,594.8878552246093,9.192343834342482,0,1,0,0.012011112849670047,0.0,0.012011112849670047,1.0066261515578505,1.3995446139218872
2024-12-23,-0.017751089749862614,0.010747827002392407,-0.01183686490134761,0.009840213087090436,583.9972106933594,594.5841674804688,9.8930948870357,0,0,1,0.005988285019376871,0.0,0.005988285019376871,1.0066261515578505,1.4079254859673853
2024-12-24,0.005604833877935977,-0.017751089749862614,0.010747827002392407,0.011081905578216445,580.3451965332031,593.904013671875,11.1194028767375,0,0,1,0.011114989748490345,0.0,0.011114989748490345,1.0066261515578505,1.423574563310551
2024-12-26,-0.02663556264724176,0.005604833877935977,-0.017751089749862614,0.011062605722830209,576.5246887207031,592.9991357421875,11.712619605100347,0,1,0,6.658418643890052e-05,0.0,6.658418643890052e-05,1.0066261515578505,1.423669350864684
2024-12-27,-0.008312878119322353,-0.02663556264724176,0.005604833877935977,0.010997234584434525,572.9683898925781,592.1522827148438,11.962585689178288,0,0,1,-0.010526523683762057,-0.0,-0.010526523683762057,1.0066261515578505,1.4086830617249608
2024-12-30,0.005306536505949477,-0.008312878119322353,-0.02663556264724176,0.01114042103913634,569.615478515625,591.2830969238281,11.857185472938008,0,1,0,-0.011411602725516334,-0.0,-0.011411602725516334,1.0066261515578505,1.3926077302583915
2024-12-31,-0.013330501352603052,0.005306536505949477,-0.008312878119322353,0.012409763944817452,566.4878845214844,590.7764208984376,12.275211965572396,0,1,0,-0.003638031857652546,-0.0,-0.003638031857652546,1.0066261515578505,1.3875413789704982
2025-01-02,0.020655754194149223,-0.013330501352603052,0.005306536505949477,0.012266324649523767,564.8308715820312,590.3989562988281,12.206136128349044,0,0,1,-0.002456981412092718,-0.0,-0.002456981412092718,1.0066261515578505,1.3841322155938582
2025-01-03,0.007711382365414909,0.020655754194149223,-0.013330501352603052,0.012345154230657207,563.2516235351562,589.9279724121094,12.232486050274028,0,1,0,0.012503332455847671,0.0,0.012503332455847671,1.0066261515578505,1.4014384808482774
2025-01-06,-0.010808460030027,0.007711382365414909,0.020655754194149223,0.01268226141916558,561.6634033203125,589.4330615234375,11.987509607365407,0,0,1,0.005760634478527704,0.0,0.005760634478527704,1.0066261515578505,1.4095116556805876
2025-01-07,0.010890876918228543,-0.010808460030027,0.007711382365414909,0.012612579549999262,560.9435668945313,588.8374536132812,11.680580312749166,0,1,0,-0.011304021553249277,-0.0,-0.011304021553249277,1.0066261515578505,1.3935785055452181
2025-01-08,-0.0028917345549811513,0.010890876918228543,-0.010808460030027,0.012643349142387596,559.9222961425781,588.3797607421875,10.928600977572955,0,1,0,0.001460917568971487,0.0,0.001460917568971487,1.0066261515578505,1.39561440886771
2025-01-10,0.00032986182719207946,-0.0028917345549811513,0.010890876918228543,0.013066549505269504,561.4404235839844,588.1069213867188,10.790703725142205,0,1,0,-0.015267460962898771,-0.0,-0.015267460962898771,1.0066261515578505,1.3743069203610632
2025-01-13,0.017908502022889516,0.00032986182719207946,-0.0028917345549811513,0.013083380130569335,563.5611572265625,588.041142578125,10.144658977214249,0,0,1,0.0015504803040384818,0.0,0.0015504803040384818,1.0066261515578505,1.3764377561727867
2025-01-14,0.0024038545877420603,0.017908502022889516,0.00032986182719207946,0.013261816764749537,564.7007751464844,587.8200170898438,9.876005192732764,0,0,1,0.00137602434472206,0.0,0.00137602434472206,1.0066261515578505,1.378331768034275
2025-01-15,-0.011938266525687413,0.0024038545877420603,0.017908502022889516,0.013251421447982723,566.4321594238281,587.5527392578125,9.464239674211537,0,0,1,0.01819002390432889,0.0,0.01819002390432889,1.0066261515578505,1.4034036558429144
2025-01-16,-0.0026557092004866334,-0.011938266525687413,0.0024038545877420603,0.013500085159460898,565.8859558105469,586.8458947753907,8.874313963111117,0,1,0,-0.0019231682808391604,-0.0,-0.0019231682808391604,1.0066261515578505,1.4007046744467835
2025-01-17,-0.020138328985595644,-0.0026557092004866334,-0.011938266525687413,0.01304472111968072,565.2800537109375,586.2363830566406,9.00831516812348,0,1,0,0.010039880559060466,0.0,0.010039880559060466,1.0066261515578505,1.414767582076747
2025-01-21,0.0067128130226792315,-0.020138328985595644,-0.0026557092004866334,0.01263376475824404,565.443310546875,585.5400268554688,8.998906525849236,0,1,0,0.009153514761785386,0.0,0.009153514761785386,1.0066261515578505,1.427717678023782
2025-01-22,0.0028244266313557365,0.0067128130226792315,-0.020138328985595644,0.012524707786048873,565.3524047851563,584.8056005859376,9.228069021210413,0,0,1,0.0056214062337258675,0.0,0.0056214062337258675,1.0066261515578505,1.4357434590790255
2025-01-23,0.006328411525621025,0.0028244266313557365,0.0067128130226792315,0.016095734743709667,562.6430053710938,583.447177734375,10.331441313359042,0,0,1,0.005458144884880722,0.0,0.005458144884880722,1.0066261515578505,1.4435799548961985
2025-01-24,-0.04928081620084812,0.006328411525621025,0.0028244266313557365,0.019893463221876722,556.7730072021484,581.3943524169922,12.067301485818072,0,0,1,-0.002919324164959991,-0.0,-0.002919324164959991,1.0066261515578505,1.4393656770498182
2025-01-27,-0.058542971330535654,-0.04928081620084812,0.006328411525621025,0.019750004349551535,549.8030059814453,579.3590216064454,14.446174225990932,0,0,1,-0.01414535441927156,-0.0,-0.01414535441927156,1.0066261515578505,1.4190053394090139
2025-01-28,-0.0017811785518102585,-0.058542971330535654,-0.04928081620084812,0.019316149800464817,541.9050048828125,577.3371740722656,16.297585053557658,0,1,0,0.008592402569559843,0.0,0.008592402569559843,1.0066261515578505,1.431198004533571
2025-01-29,-0.0156627816725603,-0.0017811785518102585,-0.058542971330535654,0.030857726639370146,539.9080017089843,576.2554345703124,19.699290684291302,0,0,1,-0.004482948481435156,-0.0,-0.004482948481435156,1.0066261515578505,1.4247820176125143
2025-01-30,0.10501930183911301,-0.0156627816725603,-0.0017811785518102585,0.03226191081784557,535.6580017089843,574.74693359375,22.016433715820323,0,1,0,0.005367081149522335,0.0,0.005367081149522335,1.0066261515578505,1.4324289383214208
2025-01-31,-0.04381899719533322,0.10501930183911301,-0.0156627816725603,0.03244968617837247,533.4860046386718,573.3612268066406,22.387143816266754,0,1,0,-0.0053219368053647464,-0.0,-0.0053219368053647464,1.0066261515578505,1.4248056420334985
2025-02-03,0.017842817199724692,-0.04381899719533322,0.10501930183911301,0.032172719722950285,531.4590026855469,572.1433264160156,22.937149047851573,0,0,1,-0.006729567924630753,-0.0,-0.006729567924630753,1.0066261515578505,1.4152173156860368
2025-02-04,0.009701450822369617,0.017842817199724692,-0.04381899719533322,0.032105229111586496,529.1230041503907,570.9759826660156,22.74286106654577,0,0,1,0.006708286863932544,0.0,0.006708286863932544,1.0066261515578505,1.4247109994144633
2025-02-05,-0.0028008788011967267,0.009701450822369617,0.017842817199724692,0.03235898270151661,525.2369995117188,569.4896789550781,23.574290684291306,0,1,0,0.004054529845545218,0.0,0.004054529845545218,1.0066261515578505,1.4304875326828659
2025-02-06,-0.02222803246337901,-0.0028008788011967267,0.009701450822369617,0.03222930759385708,524.2079956054688,567.9697229003906,23.235004970005594,0,0,1,0.0034756357468082033,0.0,0.0034756357468082033,1.0066261515578505,1.435459386286822
2025-02-07,0.001426777837987947,-0.02222803246337901,-0.0028008788011967267,0.03254995007908507,525.0679962158204,566.1572924804688,23.52857317243305,0,1,0,-0.009153533876142705,-0.0,-0.009153533876142705,1.0066261515578505,1.4223198601666185
2025-02-10,-0.023802680232045126,0.001426777837987947,-0.02222803246337901,0.033193643671523665,527.3549957275391,564.7229284667969,23.96857125418528,0,1,0,0.006791158501634698,0.0,0.006791158501634698,1.0066261515578505,1.431979059777033
2025-02-11,0.02601773758493775,-0.023802680232045126,0.001426777837987947,0.03312287801567121,531.2489929199219,563.3706103515625,24.366428920200907,0,1,0,0.0007606167523941387,0.0,0.0007606167523941387,1.0066261515578505,1.433068247038977
2025-02-12,0.015495463082325855,0.02601773758493775,-0.023802680232045126,0.03351699271756418,531.0559936523438,562.2345190429687,23.23714338030135,0,1,0,-0.0032214918501909384,-0.0,-0.0032214918501909384,1.0066261515578505,1.4284516293603735
2025-02-13,0.02104893334386637,0.015495463082325855,0.02601773758493775,0.03349134204894955,533.6619934082031,561.2163110351562,21.50285557338171,0,1,0,0.010557537580401899,0.0,0.010557537580401899,1.0066261515578505,1.443532561119132
2025-02-14,0.00722532365580375,0.02104893334386637,0.015495463082325855,0.033490406979591165,535.3529907226563,560.0752844238282,19.15713936941965,0,1,0,-4.919750337728512e-05,-0.0,-4.919750337728512e-05,1.0066261515578505,1.4434615429210813
2025-02-18,0.00038130345037501456,0.00722532365580375,0.02104893334386637,0.033225288676115905,536.8729919433594,559.0042565917969,17.0914284842355,0,1,0,0.002935829744165508,0.0,0.002935829744165508,1.0066261515578505,1.447699300253348
2025-02-19,0.006299413437552026,0.00038130345037501456,0.00722532365580375,0.03319386122688927,538.5659912109375,557.9019360351563,14.19357081821987,0,1,0,0.0023548836253795002,0.0,0.0023548836253795002,1.0066261515578505,1.451108463629988
2025-02-20,0.000396829809890642,0.006299413437552026,0.00038130345037501456,0.03322437527482867,541.8469909667969,556.849501953125,12.067145211356026,0,1,0,-0.004160255274454183,-0.0,-0.004160255274454183,1.0066261515578505,1.4450714819903663
2025-02-21,0.007086942026725218,0.000396829809890642,0.006299413437552026,0.03335331952726093,545.8819946289062,556.0137145996093,11.606434413364955,0,0,1,-0.017104103285771943,-0.0,-0.017104103285771943,1.0066261515578505,1.4203548301070794
2025-02-24,0.014844198430334021,0.007086942026725218,0.000396829809890642,0.03138566567276709,550.8449951171875,555.3211010742187,11.223573957170759,0,0,1,-0.004550437416077302,-0.0,-0.004550437416077302,1.0066261515578505,1.413891594344054
2025-02-25,-0.005734349537724115,0.014844198430334021,0.007086942026725218,0.028235317193373747,553.9999938964844,554.5887231445313,11.232860020228795,0,1,0,-0.004973172137566095,-0.0,-0.004973172137566095,1.0066261515578505,1.4068600680615233
2025-02-26,-0.008358364343191038,-0.005734349537724115,0.014844198430334021,0.02819179912228345,556.572998046875,553.962568359375,10.531430925641741,0,1,0,0.0005047993020994568,0.0,0.0005047993020994568,1.0066261515578505,1.4075702500420324
2025-02-27,0.0042055058561747405,-0.008358364343191038,-0.005734349537724115,0.02777357035204662,558.4099975585938,553.4086315917968,10.667142595563616,0,0,1,-0.015961937978493657,-0.0,-0.015961937978493657,1.0066261515578505,1.3851027010104886
2025-02-28,0.0069677857514378605,0.0042055058561747405,-0.008358364343191038,0.016203468240848683,559.7799987792969,553.0295263671875,9.72357177734375,0,1,0,0.015605579744493614,0.0,0.015605579744493614,1.0066261515578505,1.4067180316654213
2025-03-03,-0.0012741491279434358,0.0069677857514378605,0.0042055058561747405,0.013991681857610351,562.9940002441406,552.8413671875,9.954999651227679,0,1,0,-0.01751995291910613,-0.0,-0.01751995291910613,1.0066261515578505,1.3820723979801854
2025-03-04,0.03304738719814848,-0.0012741491279434358,0.0069677857514378605,0.01369297039173506,566.2460021972656,552.9377844238281,9.102142333984375,0,1,0,-0.01183686490134761,-0.0,-0.01183686490134761,1.0066261515578505,1.3657129937214125
2025-03-05,0.006603949785734642,0.03304738719814848,-0.0012741491279434358,0.013659321000284561,569.5510070800781,553.1869873046875,8.489998953683036,0,1,0,0.010747827002392407,0.0,0.010747827002392407,1.0066261515578505,1.3803914407128497
2025-03-06,0.0012780314322096142,0.006603949785734642,0.03304738719814848,0.013565098340535328,572.7500122070312,553.3699621582032,8.383571079799108,0,1,0,-0.017751089749862614,-0.0,-0.017751089749862614,1.0066261515578505,1.3558879883588137
2025-03-07,0.004884349607746863,0.0012780314322096142,0.006603949785734642,0.012097100327954798,575.4940124511719,553.8341149902344,8.147142682756696,0,1,0,0.005604833877935977,0.0,0.005604833877935977,1.0066261515578505,1.3634875152906536
2025-03-10,0.00633402786844095,0.004884349607746863,0.0012780314322096142,0.012103503397628054,578.6280090332032,554.2472607421874,8.185712541852679,0,0,1,-0.02663556264724176,-0.0,-0.02663556264724176,1.0066261515578505,1.3271702581583973
2025-03-11,0.0010938461217664397,0.00633402786844095,0.004884349607746863,0.010279259624637568,582.0330078125,554.9262854003906,7.489283970424107,0,0,1,-0.008312878119322353,-0.0,-0.008312878119322353,1.0066261515578505,1.316137653558737
2025-03-12,-0.0033621922872737464,0.0010938461217664397,0.00633402786844095,0.010541961326567689,584.20400390625,555.4984313964844,7.596422467912946,0,1,0,0.005306536505949477,0.0,0.005306536505949477,1.0066261515578505,1.323121786064201
2025-03-13,-0.016850789652983478,-0.0033621922872737464,0.0010938461217664397,0.010290733782184747,586.0070068359375,556.0163549804688,7.260707310267857,0,0,1,-0.013330501352603052,-0.0,-0.013330501352603052,1.0066261515578505,1.3054839093054136
2025-03-14,0.00039467712604679406,-0.016850789652983478,-0.0033621922872737464,0.009783112469607308,587.4840026855469,556.6032312011719,7.434282575334821,0,1,0,0.020655754194149223,0.0,0.020655754194149223,1.0066261515578505,1.3324496640404433
2025-03-17,-0.006825775301577575,0.00039467712604679406,-0.016850789652983478,0.010511209126133668,588.3000061035157,557.2037915039062,7.886426653180804,0,0,1,0.007711382365414909,0.0,0.007711382365414909,1.0066261515578505,1.3427246928825278
2025-03-18,0.02079059136787431,-0.006825775301577575,0.00039467712604679406,0.010685575313056337,588.3890014648438,557.6494104003906,7.743569510323661,0,1,0,-0.010808460030027,-0.0,-0.010808460030027,1.0066261515578505,1.3282119067081768
2025-03-19,-0.005785407771406903,0.02079059136787431,-0.006825775301577575,0.010663157585806226,588.6349975585938,558.263662109375,7.59857177734375,0,0,1,0.010890876918228543,0.0,0.010890876918228543,1.0066261515578505,1.3426772991054612
2025-03-20,0.003947403401760141,-0.005785407771406903,0.02079059136787431,0.010686986508856983,588.5279968261718,558.742880859375,7.823573521205357,0,0,1,-0.0028917345549811513,-0.0,-0.0028917345549811513,1.0066261515578505,1.3387946327634492
