date,SPY,isPartial
2020-05-31,44,False
2020-06-07,45,False
2020-06-14,44,False
2020-06-21,51,False
2020-06-28,50,False
2020-07-05,44,False
2020-07-12,45,False
2020-07-19,41,False
2020-07-26,42,False
2020-08-02,42,False
2020-08-09,39,False
2020-08-16,39,False
2020-08-23,39,False
2020-08-30,42,False
2020-09-06,39,False
2020-09-13,38,False
2020-09-20,38,False
2020-09-27,37,False
2020-10-04,39,False
2020-10-11,38,False
2020-10-18,37,False
2020-10-25,37,False
2020-11-01,36,False
2020-11-08,38,False
2020-11-15,38,False
2020-11-22,35,False
2020-11-29,36,False
2020-12-06,41,False
2020-12-13,44,False
2020-12-20,40,False
2020-12-27,44,False
2021-01-03,42,False
2021-01-10,38,False
2021-01-17,37,False
2021-01-24,39,False
2021-01-31,36,False
2021-02-07,35,False
2021-02-14,36,False
2021-02-21,37,False
2021-02-28,38,False
2021-03-07,35,False
2021-03-14,34,False
2021-03-21,35,False
2021-03-28,36,False
2021-04-04,35,False
2021-04-11,34,False
2021-04-18,34,False
2021-04-25,33,False
2021-05-02,35,False
2021-05-09,35,False
2021-05-16,36,False
2021-05-23,34,False
2021-05-30,35,False
2021-06-06,34,False
2021-06-13,36,False
2021-06-20,36,False
2021-06-27,33,False
2021-07-04,34,False
2021-07-11,36,False
2021-07-18,37,False
2021-07-25,35,False
2021-08-01,35,False
2021-08-08,37,False
2021-08-15,36,False
2021-08-22,35,False
2021-08-29,35,False
2021-09-05,32,False
2021-09-12,32,False
2021-09-19,35,False
2021-09-26,33,False
2021-10-03,33,False
2021-10-10,37,False
2021-10-17,36,False
2021-10-24,33,False
2021-10-31,35,False
2021-11-07,33,False
2021-11-14,32,False
2021-11-21,33,False
2021-11-28,36,False
2021-12-05,33,False
2021-12-12,34,False
2021-12-19,36,False
2021-12-26,39,False
2022-01-02,36,False
2022-01-09,35,False
2022-01-16,33,False
2022-01-23,37,False
2022-01-30,36,False
2022-02-06,33,False
2022-02-13,35,False
2022-02-20,39,False
2022-02-27,39,False
2022-03-06,40,False
2022-03-13,40,False
2022-03-20,36,False
2022-03-27,37,False
2022-04-03,44,False
2022-04-10,83,False
2022-04-17,87,False
2022-04-24,81,False
2022-05-01,91,False
2022-05-08,83,False
2022-05-15,91,False
2022-05-22,91,False
2022-05-29,76,False
2022-06-05,82,False
2022-06-12,86,False
2022-06-19,87,False
2022-06-26,83,False
2022-07-03,75,False
2022-07-10,69,False
2022-07-17,60,False
2022-07-24,56,False
2022-07-31,51,False
2022-08-07,54,False
2022-08-14,49,False
2022-08-21,49,False
2022-08-28,48,False
2022-09-04,44,False
2022-09-11,46,False
2022-09-18,47,False
2022-09-25,58,False
2022-10-02,66,False
2022-10-09,59,False
2022-10-16,57,False
2022-10-23,57,False
2022-10-30,55,False
2022-11-06,51,False
2022-11-13,57,False
2022-11-20,46,False
2022-11-27,49,False
2022-12-04,50,False
2022-12-11,53,False
2022-12-18,58,False
2022-12-25,58,False
2023-01-01,55,False
2023-01-08,49,False
2023-01-15,49,False
2023-01-22,48,False
2023-01-29,100,False
2023-02-05,88,False
2023-02-12,53,False
2023-02-19,50,False
2023-02-26,45,False
2023-03-05,44,False
2023-03-12,42,False
2023-03-19,42,False
2023-03-26,43,False
2023-04-02,42,False
2023-04-09,40,False
2023-04-16,41,False
2023-04-23,40,False
2023-04-30,40,False
2023-05-07,35,False
2023-05-14,37,False
2023-05-21,38,False
2023-05-28,40,False
2023-06-04,39,False
2023-06-11,40,False
2023-06-18,40,False
2023-06-25,55,False
2023-07-02,44,False
2023-07-09,44,False
2023-07-16,42,False
2023-07-23,47,False
2023-07-30,45,False
2023-08-06,41,False
2023-08-13,43,False
2023-08-20,38,False
2023-08-27,39,False
2023-09-03,36,False
2023-09-10,39,False
2023-09-17,43,False
2023-09-24,48,False
2023-10-01,48,False
2023-10-08,48,False
2023-10-15,48,False
2023-10-22,45,False
2023-10-29,43,False
2023-11-05,40,False
2023-11-12,41,False
2023-11-19,43,False
2023-11-26,46,False
2023-12-03,45,False
2023-12-10,47,False
2023-12-17,48,False
2023-12-24,52,False
2023-12-31,48,False
2024-01-07,43,False
2024-01-14,42,False
2024-01-21,41,False
2024-01-28,43,False
2024-02-04,43,False
2024-02-11,44,False
2024-02-18,44,False
2024-02-25,42,False
2024-03-03,43,False
2024-03-10,40,False
2024-03-17,41,False
2024-03-24,44,False
2024-03-31,47,False
2024-04-07,46,False
2024-04-14,49,False
2024-04-21,50,False
2024-04-28,50,False
2024-05-05,42,False
2024-05-12,41,False
2024-05-19,40,False
2024-05-26,41,False
2024-06-02,41,False
2024-06-09,43,False
2024-06-16,41,False
2024-06-23,38,False
2024-06-30,39,False
2024-07-07,41,False
2024-07-14,50,False
2024-07-21,53,False
2024-07-28,49,False
2024-08-04,53,False
2024-08-11,45,False
2024-08-18,46,False
2024-08-25,45,False
2024-09-01,44,False
2024-09-08,41,False
2024-09-15,40,False
2024-09-22,37,False
2024-09-29,38,False
2024-10-06,38,False
2024-10-13,38,False
2024-10-20,38,False
2024-10-27,37,False
2024-11-03,39,False
2024-11-10,43,False
2024-11-17,40,False
2024-11-24,37,False
2024-12-01,38,False
2024-12-08,42,False
2024-12-15,47,False
2024-12-22,47,False
2024-12-29,47,False
2025-01-05,44,False
2025-01-12,44,False
2025-01-19,43,False
2025-01-26,44,False
2025-02-02,42,False
2025-02-09,38,False
2025-02-16,40,False
2025-02-23,48,False
2025-03-02,48,False
2025-03-09,47,False
2025-03-16,44,False
2025-03-23,41,False
2025-03-30,55,False
2025-04-06,64,False
2025-04-13,45,False
2025-04-20,46,False
2025-04-27,44,False
2025-05-04,41,False
2025-05-11,46,False
2025-05-18,42,False
2025-05-25,44,False
2025-06-01,36,True
